INVENTORY_YEAR;PRODUCT_NUMBER;INVENTORY_COUNT
2024.25;48;1932
2024.25;49;1400
2024.25;50;21705
2024.25;51;9710
2024.25;52;5616
2024.25;53;7060
2024.25;54;6943
2024.25;55;4432
2024.25;56;14188
2024.25;57;1599
2024.25;58;1645
2024.25;59;749
2024.25;60;8419
2024.25;61;7175
2024.25;62;2428
2024.25;63;2091
2024.25;64;4175
2024.25;65;1754
2024.25;66;576
2024.25;67;1354
2024.25;68;1576
2024.25;69;609
2024.25;70;803
2024.25;71;1009
2024.25;72;1009
2024.25;73;1508
2024.25;74;2690
2024.25;75;2416
2024.25;76;1938
2024.25;77;2354
2024.25;78;1073
2024.25;79;733
2024.25;80;889
2024.25;81;573
2024.25;82;2075
2024.25;83;2034
2024.25;84;-183
2024.25;85;1390
2024.25;86;17366
2024.25;87;19789
2024.25;88;18456
2024.25;89;21414
2024.25;90;29722
2024.25;91;14100
2024.25;92;6273
2024.25;93;17880
2024.25;94;26290
2024.25;95;20552
2024.25;96;3404
2024.25;97;1375
2024.25;98;9473
2024.25;99;4885
2024.25;100;11760
2024.25;101;985
2024.25;102;592
2024.25;103;860
2024.25;104;833
2024.25;105;699
2024.25;106;609
2024.25;107;869
2024.25;108;904
2024.25;109;4337
2024.25;110;813
2024.25;111;662
2024.25;112;3610
2024.25;113;4663
2024.25;114;736
2024.25;115;2766
2024.3333333333333;1;3087
2024.3333333333333;2;5156
2024.3333333333333;3;4422
2024.3333333333333;4;5786
2024.3333333333333;5;1466
2024.3333333333333;6;1102
2024.3333333333333;7;3075
2024.3333333333333;8;2733
2024.3333333333333;9;2393
2024.3333333333333;10;2336
2024.3333333333333;11;528
2024.3333333333333;12;996
2024.3333333333333;13;1058
2024.3333333333333;14;2816
2024.3333333333333;15;820
2024.3333333333333;16;36712
2024.3333333333333;17;4192
2024.3333333333333;18;2994
2024.3333333333333;19;2263
2024.3333333333333;20;2531
2024.3333333333333;21;2567
2024.3333333333333;22;753
2024.3333333333333;23;737
2024.3333333333333;24;2456
2024.3333333333333;25;1995
2024.3333333333333;26;1896
2024.3333333333333;27;1938
2024.3333333333333;28;1909
2024.3333333333333;29;2944
2024.3333333333333;30;3088
2024.3333333333333;31;3328
2024.3333333333333;32;8827
2024.3333333333333;33;9951
2024.3333333333333;34;6282
2024.3333333333333;35;5405
2024.3333333333333;36;7031
2024.3333333333333;37;3587
2024.3333333333333;38;2069
2024.3333333333333;39;4174
2024.3333333333333;40;6908
2024.3333333333333;41;2425
2024.3333333333333;42;3139
2024.3333333333333;43;6445
2024.3333333333333;44;5530
2024.3333333333333;45;1630
2024.3333333333333;46;1792
2024.3333333333333;47;5737
2024.3333333333333;48;1978
2024.3333333333333;49;1288
2024.3333333333333;50;20355
2024.3333333333333;51;9930
2024.3333333333333;52;5840
2024.3333333333333;53;7510
2024.3333333333333;54;7235
2024.3333333333333;55;4722
2024.3333333333333;56;13708
2024.3333333333333;57;1685
2024.3333333333333;58;1879
2024.3333333333333;59;1005
2024.3333333333333;60;10175
2024.3333333333333;61;7251
2024.3333333333333;62;2816
2024.3333333333333;63;2403
2024.3333333333333;64;4679
2024.3333333333333;65;2386
2024.3333333333333;66;680
2024.3333333333333;67;1530
2024.3333333333333;68;1690
2024.3333333333333;69;709
2024.3333333333333;70;901
2024.3333333333333;71;1073
2024.3333333333333;72;1061
2024.3333333333333;73;1878
2024.3333333333333;74;2758
2024.3333333333333;75;2446
2024.3333333333333;76;2474
2024.3333333333333;77;2600
2024.3333333333333;78;997
2024.3333333333333;79;873
2024.3333333333333;80;1075
2024.3333333333333;81;723
2024.3333333333333;82;2463
2024.3333333333333;83;2266
2024.3333333333333;84;-57
2024.3333333333333;85;1472
2024.3333333333333;86;16850
2024.3333333333333;87;19155
2024.3333333333333;88;17754
2024.3333333333333;89;20090
2024.3333333333333;90;28170
2024.3333333333333;91;12556
2024.3333333333333;92;5877
2024.3333333333333;93;16910
2024.3333333333333;94;24676
2024.3333333333333;95;18706
2024.3333333333333;96;3298
2024.3333333333333;97;1287
2024.3333333333333;98;9037
2024.3333333333333;99;4279
2024.3333333333333;100;11200
2024.3333333333333;101;941
2024.3333333333333;102;698
2024.3333333333333;103;810
2024.3333333333333;104;789
2024.3333333333333;105;713
2024.3333333333333;106;645
2024.3333333333333;107;829
2024.3333333333333;108;884
2024.3333333333333;109;4035
2024.3333333333333;110;597
2024.3333333333333;111;556
2024.3333333333333;112;3466
2024.3333333333333;113;4199
2024.3333333333333;114;706
2024.3333333333333;115;2598
2024.4166666666667;1;2693
2024.4166666666667;2;4046
2024.4166666666667;3;4738
2024.4166666666667;4;6976
2024.4166666666667;5;2274
2024.4166666666667;6;1004
2024.4166666666667;7;2907
2024.4166666666667;8;2141
2024.4166666666667;9;1901
2024.4166666666667;10;6052
2024.4166666666667;11;654
2024.4166666666667;12;1066
2024.4166666666667;13;1106
2024.4166666666667;14;3104
2024.4166666666667;15;600
2024.4166666666667;16;34978
2024.4166666666667;17;3958
2024.4166666666667;18;3228
2024.4166666666667;19;2159
2024.4166666666667;20;2053
2024.4166666666667;21;2425
2024.4166666666667;22;1385
2024.4166666666667;23;683
2024.4166666666667;24;2524
2024.4166666666667;25;2103
2024.4166666666667;26;2036
2024.4166666666667;27;1960
2024.4166666666667;28;2055
2024.4166666666667;29;4498
2024.4166666666667;30;2582
2024.4166666666667;31;4998
2024.4166666666667;32;13277
2024.4166666666667;33;7995
2024.4166666666667;34;11878
2024.4166666666667;35;8151
2024.4166666666667;36;6007
2024.4166666666667;37;3333
2024.4166666666667;38;1721
2024.4166666666667;39;3484
2024.4166666666667;40;11762
2024.4166666666667;41;4431
2024.4166666666667;42;3065
2024.4166666666667;43;6133
2024.4166666666667;44;5144
2024.4166666666667;45;1528
2024.4166666666667;46;1810
2024.4166666666667;47;5615
2024.4166666666667;48;2102
2024.4166666666667;49;1160
2024.4166666666667;50;26603
2024.4166666666667;51;9530
2024.4166666666667;52;5804
2024.4166666666667;53;7482
2024.4166666666667;54;7479
2024.4166666666667;55;4638
2024.4166666666667;56;13022
2024.4166666666667;57;1703
2024.4166666666667;58;1807
2024.4166666666667;59;1015
2024.4166666666667;60;9335
2024.4166666666667;61;7213
2024.4166666666667;62;2688
2024.4166666666667;63;2341
2024.4166666666667;64;4759
2024.4166666666667;65;2460
2024.4166666666667;66;674
2024.4166666666667;67;1484
2024.4166666666667;68;1452
2024.4166666666667;69;823
2024.4166666666667;70;849
2024.4166666666667;71;1061
2024.4166666666667;72;1037
2024.4166666666667;73;2150
2024.4166666666667;74;2926
2024.4166666666667;75;2558
2024.4166666666667;76;2336
2024.4166666666667;77;2836
2024.4166666666667;78;813
2024.4166666666667;79;875
2024.4166666666667;80;1101
2024.4166666666667;81;669
2024.4166666666667;82;2575
2024.4166666666667;83;2280
2024.4166666666667;84;-297
2024.4166666666667;85;1568
2024.4166666666667;86;14688
2024.4166666666667;87;17797
2024.4166666666667;88;15464
2024.4166666666667;89;17928
2024.4166666666667;90;25234
2024.4166666666667;91;10842
2024.4166666666667;92;5449
2024.4166666666667;93;14198
2024.4166666666667;94;22576
2024.4166666666667;95;16452
2024.4166666666667;96;3060
2024.4166666666667;97;1671
2024.4166666666667;98;8055
2024.4166666666667;99;3945
2024.4166666666667;100;10218
2024.4166666666667;101;901
2024.4166666666667;102;664
2024.4166666666667;103;756
2024.4166666666667;104;719
2024.4166666666667;105;577
2024.4166666666667;106;533
2024.4166666666667;107;709
2024.4166666666667;108;794
2024.4166666666667;109;3309
2024.4166666666667;110;695
2024.4166666666667;111;638
2024.4166666666667;112;2670
2024.4166666666667;113;6511
2024.4166666666667;114;656
2024.4166666666667;115;1640
2024.5;1;4111
2024.5;2;6838
2024.5;3;4154
2024.5;4;5612
2024.5;5;1954
2024.5;6;962
2024.5;7;2435
2024.5;8;1903
2024.5;9;1713
2024.5;10;5836
2024.5;11;762
2024.5;12;1376
2024.5;13;1404
2024.5;14;3100
2024.5;15;684
2024.5;16;34376
2024.5;17;4078
2024.5;18;3640
2024.5;19;2529
2024.5;20;1681
2024.5;21;2109
2024.5;22;1293
2024.5;23;943
2024.5;24;2896
2024.5;25;2503
2024.5;26;2044
2024.5;27;2206
2024.5;28;2181
2024.5;29;4204
2024.5;30;2286
2024.5;31;4432
2024.5;32;11789
2024.5;33;6193
2024.5;34;9946
2024.5;35;7349
2024.5;36;10093
2024.5;37;4891
2024.5;38;2511
2024.5;39;5396
2024.5;40;10748
2024.5;41;4207
2024.5;42;3221
2024.5;43;6029
2024.5;44;5214
2024.5;45;1642
2024.5;46;1976
2024.5;47;5771
2024.5;48;2182
2024.5;49;1044
2024.5;50;25221
2024.5;51;9914
2024.5;52;6040
2024.5;53;7392
2024.5;54;7717
2024.5;55;5064
2024.5;56;12540
2024.5;57;1747
2024.5;58;1991
2024.5;59;1193
2024.5;60;10951
2024.5;61;7445
2024.5;62;2962
2024.5;63;2281
2024.5;64;5219
2024.5;65;2704
2024.5;66;794
2024.5;67;1588
2024.5;68;1610
2024.5;69;963
2024.5;70;959
2024.5;71;1081
2024.5;72;1135
2024.5;73;2384
2024.5;74;2512
2024.5;75;2724
2024.5;76;2414
2024.5;77;2868
2024.5;78;969
2024.5;79;823
2024.5;80;1213
2024.5;81;525
2024.5;82;2733
2024.5;83;2508
2024.5;84;733
2024.5;85;1674
2024.5;86;19364
2024.5;87;23343
2024.5;88;20070
2024.5;89;19840
2024.5;90;27758
2024.5;91;12332
2024.5;92;5883
2024.5;93;18740
2024.5;94;26988
2024.5;95;22414
2024.5;96;2716
2024.5;97;1527
2024.5;98;8761
2024.5;99;6361
2024.5;100;8862
2024.5;101;1021
2024.5;102;780
2024.5;103;716
2024.5;104;707
2024.5;105;717
2024.5;106;591
2024.5;107;697
2024.5;108;754
2024.5;109;3067
2024.5;110;539
2024.5;111;586
2024.5;112;2234
2024.5;113;6227
2024.5;114;630
2024.5;115;1074
2024.5833333333333;1;5051
2024.5833333333333;2;6222
2024.5833333333333;3;5554
2024.5833333333333;4;4402
2024.5833333333333;5;1724
2024.5833333333333;6;876
2024.5833333333333;7;2257
2024.5833333333333;8;4065
2024.5833333333333;9;1539
2024.5833333333333;10;5350
2024.5833333333333;11;920
2024.5833333333333;12;1336
2024.5833333333333;13;1650
2024.5833333333333;14;3582
2024.5833333333333;15;856
2024.5833333333333;16;32604
2024.5833333333333;17;4288
2024.5833333333333;18;3806
2024.5833333333333;19;3017
2024.5833333333333;20;3553
2024.5833333333333;21;4489
2024.5833333333333;22;1205
2024.5833333333333;23;831
2024.5833333333333;24;2064
2024.5833333333333;25;2739
2024.5833333333333;26;2210
2024.5833333333333;27;2352
2024.5833333333333;28;2451
2024.5833333333333;29;3762
2024.5833333333333;30;3944
2024.5833333333333;31;4006
2024.5833333333333;32;10297
2024.5833333333333;33;11819
2024.5833333333333;34;9050
2024.5833333333333;35;6697
2024.5833333333333;36;8881
2024.5833333333333;37;4471
2024.5833333333333;38;2249
2024.5833333333333;39;4956
2024.5833333333333;40;9976
2024.5833333333333;41;3951
2024.5833333333333;42;3399
2024.5833333333333;43;6259
2024.5833333333333;44;5598
2024.5833333333333;45;1666
2024.5833333333333;46;2084
2024.5833333333333;47;5995
2024.5833333333333;48;2358
2024.5833333333333;49;1542
2024.5833333333333;50;23485
2024.5833333333333;51;10296
2024.5833333333333;52;6104
2024.5833333333333;53;7720
2024.5833333333333;54;7935
2024.5833333333333;55;5498
2024.5833333333333;56;12330
2024.5833333333333;57;1893
2024.5833333333333;58;2235
2024.5833333333333;59;1239
2024.5833333333333;60;10411
2024.5833333333333;61;7921
2024.5833333333333;62;3520
2024.5833333333333;63;2497
2024.5833333333333;64;5691
2024.5833333333333;65;3206
2024.5833333333333;66;974
2024.5833333333333;67;1670
2024.5833333333333;68;1972
2024.5833333333333;69;1089
2024.5833333333333;70;1145
2024.5833333333333;71;1159
2024.5833333333333;72;1363
2024.5833333333333;73;2486
2024.5833333333333;74;3020
2024.5833333333333;75;2770
2024.5833333333333;76;2708
2024.5833333333333;77;3302
2024.5833333333333;78;1207
2024.5833333333333;79;861
2024.5833333333333;80;1371
2024.5833333333333;81;673
2024.5833333333333;82;3119
2024.5833333333333;83;2716
2024.5833333333333;84;1137
2024.5833333333333;85;1828
2024.5833333333333;86;17424
2024.5833333333333;87;22251
2024.5833333333333;88;17326
2024.5833333333333;89;18140
2024.5833333333333;90;25616
2024.5833333333333;91;11240
2024.5833333333333;92;5459
2024.5833333333333;93;16926
2024.5833333333333;94;22822
2024.5833333333333;95;20806
2024.5833333333333;96;2500
2024.5833333333333;97;1441
2024.5833333333333;98;8127
2024.5833333333333;99;5885
2024.5833333333333;100;8000
2024.5833333333333;101;1129
2024.5833333333333;102;892
2024.5833333333333;103;674
2024.5833333333333;104;681
2024.5833333333333;105;907
2024.5833333333333;106;705
2024.5833333333333;107;683
2024.5833333333333;108;740
2024.5833333333333;109;2831
2024.5833333333333;110;1281
2024.5833333333333;111;740
2024.5833333333333;112;1910
2024.5833333333333;113;6003
2024.5833333333333;114;596
2024.5833333333333;115;4864
2024.6666666666667;1;6171
2024.6666666666667;2;4830
2024.6666666666667;3;3970
2024.6666666666667;4;8320
2024.6666666666667;5;2562
2024.6666666666667;6;1294
2024.6666666666667;7;3827
2024.6666666666667;8;3619
2024.6666666666667;9;1269
2024.6666666666667;10;4820
2024.6666666666667;11;908
2024.6666666666667;12;1374
2024.6666666666667;13;1630
2024.6666666666667;14;2998
2024.6666666666667;15;828
2024.6666666666667;16;30568
2024.6666666666667;17;4552
2024.6666666666667;18;3172
2024.6666666666667;19;3441
2024.6666666666667;20;3089
2024.6666666666667;21;4327
2024.6666666666667;22;1061
2024.6666666666667;23;739
2024.6666666666667;24;2450
2024.6666666666667;25;3079
2024.6666666666667;26;2130
2024.6666666666667;27;2530
2024.6666666666667;28;2567
2024.6666666666667;29;5474
2024.6666666666667;30;3384
2024.6666666666667;31;6324
2024.6666666666667;32;14937
2024.6666666666667;33;10561
2024.6666666666667;34;14010
2024.6666666666667;35;9529
2024.6666666666667;36;7531
2024.6666666666667;37;3653
2024.6666666666667;38;1961
2024.6666666666667;39;4256
2024.6666666666667;40;7570
2024.6666666666667;41;3559
2024.6666666666667;42;3551
2024.6666666666667;43;6445
2024.6666666666667;44;5464
2024.6666666666667;45;1762
2024.6666666666667;46;2212
2024.6666666666667;47;6321
2024.6666666666667;48;2256
2024.6666666666667;49;1434
2024.6666666666667;50;29783
2024.6666666666667;51;10580
2024.6666666666667;52;6218
2024.6666666666667;53;7644
2024.6666666666667;54;7805
2024.6666666666667;55;5784
2024.6666666666667;56;12054
2024.6666666666667;57;1745
2024.6666666666667;58;2485
2024.6666666666667;59;1429
2024.6666666666667;60;9529
2024.6666666666667;61;8217
2024.6666666666667;62;3814
2024.6666666666667;63;2635
2024.6666666666667;64;5759
2024.6666666666667;65;3014
2024.6666666666667;66;948
2024.6666666666667;67;1492
2024.6666666666667;68;1836
2024.6666666666667;69;1141
2024.6666666666667;70;1251
2024.6666666666667;71;1135
2024.6666666666667;72;1531
2024.6666666666667;73;2646
2024.6666666666667;74;3278
2024.6666666666667;75;2776
2024.6666666666667;76;3570
2024.6666666666667;77;2820
2024.6666666666667;78;1225
2024.6666666666667;79;845
2024.6666666666667;80;1199
2024.6666666666667;81;823
2024.6666666666667;82;3233
2024.6666666666667;83;2740
2024.6666666666667;84;1211
2024.6666666666667;85;1866
2024.6666666666667;86;15840
2024.6666666666667;87;21035
2024.6666666666667;88;16672
2024.6666666666667;89;16710
2024.6666666666667;90;23920
2024.6666666666667;91;10850
2024.6666666666667;92;5337
2024.6666666666667;93;16030
2024.6666666666667;94;21528
2024.6666666666667;95;19716
2024.6666666666667;96;2440
2024.6666666666667;97;1593
2024.6666666666667;98;7799
2024.6666666666667;99;5585
2024.6666666666667;100;6928
2024.6666666666667;101;1215
2024.6666666666667;102;892
2024.6666666666667;103;572
2024.6666666666667;104;635
2024.6666666666667;105;973
2024.6666666666667;106;759
2024.6666666666667;107;647
2024.6666666666667;108;700
2024.6666666666667;109;2421
2024.6666666666667;110;895
2024.6666666666667;111;644
2024.6666666666667;112;1552
2024.6666666666667;113;5473
2024.6666666666667;114;546
2024.6666666666667;115;4440
2024.75;1;4937
2024.75;2;6812
2024.75;3;4416
2024.75;4;6244
2024.75;5;1882
2024.75;6;1142
2024.75;7;3191
2024.75;8;2427
2024.75;9;2493
2024.75;10;3744
2024.75;11;730
2024.75;12;1204
2024.75;13;1338
2024.75;14;2732
2024.75;15;720
2024.75;16;27282
2024.75;17;3554
2024.75;18;2738
2024.75;19;2931
2024.75;20;2399
2024.75;21;3593
2024.75;22;735
2024.75;23;963
2024.75;24;1746
2024.75;25;2661
2024.75;26;1938
2024.75;27;2320
2024.75;28;1857
2024.75;29;4398
2024.75;30;2702
2024.75;31;4928
2024.75;32;11443
2024.75;33;7481
2024.75;34;11312
2024.75;35;8279
2024.75;36;10319
2024.75;37;4173
2024.75;38;2149
2024.75;39;5332
2024.75;40;10796
2024.75;41;2965
2024.75;42;3109
2024.75;43;5879
2024.75;44;4744
2024.75;45;1740
2024.75;46;2146
2024.75;47;6011
2024.75;48;1960
2024.75;49;1206
2024.75;50;26861
2024.75;51;9596
2024.75;52;5320
2024.75;53;6872
2024.75;54;7305
2024.75;55;4762
2024.75;56;11094
2024.75;57;1299
2024.75;58;1885
2024.75;59;841
2024.75;60;10455
2024.75;61;7661
2024.75;62;2776
2024.75;63;2185
2024.75;64;3971
2024.75;65;2398
2024.75;66;744
2024.75;67;560
2024.75;68;1472
2024.75;69;1035
2024.75;70;1089
2024.75;71;1147
2024.75;72;1211
2024.75;73;1694
2024.75;74;1784
2024.75;75;2130
2024.75;76;3362
2024.75;77;2230
2024.75;78;511
2024.75;79;381
2024.75;80;941
2024.75;81;555
2024.75;82;2395
2024.75;83;2022
2024.75;84;759
2024.75;85;1384
2024.75;86;12006
2024.75;87;20079
2024.75;88;15920
2024.75;89;15900
2024.75;90;22594
2024.75;91;10556
2024.75;92;5165
2024.75;93;15602
2024.75;94;20258
2024.75;95;18032
2024.75;96;2382
2024.75;97;1529
2024.75;98;7747
2024.75;99;5343
2024.75;100;5728
2024.75;101;993
2024.75;102;774
2024.75;103;404
2024.75;104;559
2024.75;105;793
2024.75;106;621
2024.75;107;527
2024.75;108;600
2024.75;109;1701
2024.75;110;945
2024.75;111;628
2024.75;112;308
2024.75;113;4417
2024.75;114;384
2024.75;115;3062
2024.8333333333333;1;6935
2024.8333333333333;2;5114
2024.8333333333333;3;3862
2024.8333333333333;4;5336
2024.8333333333333;5;1528
2024.8333333333333;6;1042
2024.8333333333333;7;3015
2024.8333333333333;8;2157
2024.8333333333333;9;2179
2024.8333333333333;10;3268
2024.8333333333333;11;784
2024.8333333333333;12;1222
2024.8333333333333;13;1790
2024.8333333333333;14;2872
2024.8333333333333;15;960
2024.8333333333333;16;26424
2024.8333333333333;17;3854
2024.8333333333333;18;2986
2024.8333333333333;19;3557
2024.8333333333333;20;2237
2024.8333333333333;21;3171
2024.8333333333333;22;675
2024.8333333333333;23;853
2024.8333333333333;24;2300
2024.8333333333333;25;3031
2024.8333333333333;26;2202
2024.8333333333333;27;2584
2024.8333333333333;28;2321
2024.8333333333333;29;4038
2024.8333333333333;30;2530
2024.8333333333333;31;4608
2024.8333333333333;32;9781
2024.8333333333333;33;14309
2024.8333333333333;34;10490
2024.8333333333333;35;7441
2024.8333333333333;36;9861
2024.8333333333333;37;4053
2024.8333333333333;38;2067
2024.8333333333333;39;4974
2024.8333333333333;40;9262
2024.8333333333333;41;2673
2024.8333333333333;42;3263
2024.8333333333333;43;6177
2024.8333333333333;44;5092
2024.8333333333333;45;1920
2024.8333333333333;46;2348
2024.8333333333333;47;6501
2024.8333333333333;48;2032
2024.8333333333333;49;1120
2024.8333333333333;50;26315
2024.8333333333333;51;10322
2024.8333333333333;52;5470
2024.8333333333333;53;7134
2024.8333333333333;54;7777
2024.8333333333333;55;5600
2024.8333333333333;56;10918
2024.8333333333333;57;1785
2024.8333333333333;58;2363
2024.8333333333333;59;1137
2024.8333333333333;60;9925
2024.8333333333333;61;8369
2024.8333333333333;62;3442
2024.8333333333333;63;2657
2024.8333333333333;64;4763
2024.8333333333333;65;2740
2024.8333333333333;66;860
2024.8333333333333;67;776
2024.8333333333333;68;1988
2024.8333333333333;69;1131
2024.8333333333333;70;1263
2024.8333333333333;71;1447
2024.8333333333333;72;1483
2024.8333333333333;73;2564
2024.8333333333333;74;2434
2024.8333333333333;75;2834
2024.8333333333333;76;4868
2024.8333333333333;77;2724
2024.8333333333333;78;733
2024.8333333333333;79;401
2024.8333333333333;80;1261
2024.8333333333333;81;753
2024.8333333333333;82;2709
2024.8333333333333;83;2278
2024.8333333333333;84;951
2024.8333333333333;85;1642
2024.8333333333333;86;11576
2024.8333333333333;87;19731
2024.8333333333333;88;15738
2024.8333333333333;89;15686
2024.8333333333333;90;22238
2024.8333333333333;91;10372
2024.8333333333333;92;5095
2024.8333333333333;93;15378
2024.8333333333333;94;20064
2024.8333333333333;95;17698
2024.8333333333333;96;2332
2024.8333333333333;97;1457
2024.8333333333333;98;7677
2024.8333333333333;99;5171
2024.8333333333333;100;5498
2024.8333333333333;101;1075
2024.8333333333333;102;850
2024.8333333333333;103;382
2024.8333333333333;104;511
2024.8333333333333;105;891
2024.8333333333333;106;711
2024.8333333333333;107;453
2024.8333333333333;108;550
2024.8333333333333;109;1429
2024.8333333333333;110;751
2024.8333333333333;111;540
2024.8333333333333;112;7150
2024.8333333333333;113;4141
2024.8333333333333;114;290
2024.8333333333333;115;2726
2024.9166666666667;1;6729
2024.9166666666667;2;4528
2024.9166666666667;3;5082
2024.9166666666667;4;9796
2024.9166666666667;5;2542
2024.9166666666667;6;982
2024.9166666666667;7;2805
2024.9166666666667;8;1945
2024.9166666666667;9;2117
2024.9166666666667;10;2974
2024.9166666666667;11;766
2024.9166666666667;12;1382
2024.9166666666667;13;1810
2024.9166666666667;14;2744
2024.9166666666667;15;1108
2024.9166666666667;16;24900
2024.9166666666667;17;3870
2024.9166666666667;18;3246
2024.9166666666667;19;3857
2024.9166666666667;20;1839
2024.9166666666667;21;3019
2024.9166666666667;22;613
2024.9166666666667;23;745
2024.9166666666667;24;2852
2024.9166666666667;25;3503
2024.9166666666667;26;2428
2024.9166666666667;27;2550
2024.9166666666667;28;2929
2024.9166666666667;29;6398
2024.9166666666667;30;4156
2024.9166666666667;31;7324
2024.9166666666667;32;14235
2024.9166666666667;33;13923
2024.9166666666667;34;16676
2024.9166666666667;35;10679
2024.9166666666667;36;9621
2024.9166666666667;37;3703
2024.9166666666667;38;1809
2024.9166666666667;39;4748
2024.9166666666667;40;8384
2024.9166666666667;41;2457
2024.9166666666667;42;3425
2024.9166666666667;43;6357
2024.9166666666667;44;5404
2024.9166666666667;45;2080
2024.9166666666667;46;2494
2024.9166666666667;47;6631
2024.9166666666667;48;2174
2024.9166666666667;49;1664
2024.9166666666667;50;34051
2024.9166666666667;51;10868
2024.9166666666667;52;5646
2024.9166666666667;53;7378
2024.9166666666667;54;8337
2024.9166666666667;55;6390
2024.9166666666667;56;10332
2024.9166666666667;57;2251
2024.9166666666667;58;2717
2024.9166666666667;59;1343
2024.9166666666667;60;11749
2024.9166666666667;61;8829
2024.9166666666667;62;4202
2024.9166666666667;63;3049
2024.9166666666667;64;6003
2024.9166666666667;65;2948
2024.9166666666667;66;932
2024.9166666666667;67;1124
2024.9166666666667;68;2218
2024.9166666666667;69;1267
2024.9166666666667;70;1451
2024.9166666666667;71;1765
2024.9166666666667;72;1771
2024.9166666666667;73;3542
2024.9166666666667;74;3292
2024.9166666666667;75;3586
2024.9166666666667;76;6540
2024.9166666666667;77;3072
2024.9166666666667;78;889
2024.9166666666667;79;547
2024.9166666666667;80;1327
2024.9166666666667;81;939
2024.9166666666667;82;3069
2024.9166666666667;83;2362
2024.9166666666667;84;1195
2024.9166666666667;85;1624
2024.9166666666667;86;11284
2024.9166666666667;87;19731
2024.9166666666667;88;15362
2024.9166666666667;89;15364
2024.9166666666667;90;21124
2024.9166666666667;91;10098
2024.9166666666667;92;4967
2024.9166666666667;93;14606
2024.9166666666667;94;19716
2024.9166666666667;95;17402
2024.9166666666667;96;2312
2024.9166666666667;97;1421
2024.9166666666667;98;7605
2024.9166666666667;99;5043
2024.9166666666667;100;5078
2024.9166666666667;101;1221
2024.9166666666667;102;1010
2024.9166666666667;103;350
2024.9166666666667;104;497
2024.9166666666667;105;957
2024.9166666666667;106;887
2024.9166666666667;107;409
2024.9166666666667;108;500
2024.9166666666667;109;1161
2024.9166666666667;110;1343
2024.9166666666667;111;736
2024.9166666666667;112;6764
2024.9166666666667;113;3839
2024.9166666666667;114;246
2024.9166666666667;115;2462
2025.0;1;6985
2025.0;2;7862
2025.0;3;4628
2025.0;4;9386
2025.0;5;2232
2025.0;6;904
2025.0;7;2627
2025.0;8;1383
2025.0;9;1885
2025.0;10;6984
2025.0;11;820
2025.0;12;2108
2025.0;13;1396
2025.0;14;3110
2025.0;15;1376
2025.0;16;23060
2025.0;17;4026
2025.0;18;3392
2025.0;19;4149
2025.0;20;1473
2025.0;21;2785
2025.0;22;1507
2025.0;23;1295
2025.0;24;3460
2025.0;25;3765
2025.0;26;2778
2025.0;27;2476
2025.0;28;3265
2025.0;29;6058
2025.0;30;3836
2025.0;31;6564
2025.0;32;13275
2025.0;33;12229
2025.0;34;16302
2025.0;35;9797
2025.0;36;13055
2025.0;37;5223
2025.0;38;2865
2025.0;39;6530
2025.0;40;7228
2025.0;41;5855
2025.0;42;3669
2025.0;43;6835
2025.0;44;5636
2025.0;45;2246
2025.0;46;2716
2025.0;47;7031
2025.0;48;2336
2025.0;49;1618
2025.0;50;33327
2025.0;51;11206
2025.0;52;5970
2025.0;53;7994
2025.0;54;9329
2025.0;55;7528
2025.0;56;10000
2025.0;57;2759
2025.0;58;3067
2025.0;59;1665
2025.0;60;11647
2025.0;61;9437
2025.0;62;4664
2025.0;63;3379
2025.0;64;7267
2025.0;65;3348
2025.0;66;1094
2025.0;67;1666
2025.0;68;2308
2025.0;69;1435
2025.0;70;1699
2025.0;71;1993
2025.0;72;1891
2025.0;73;4308
2025.0;74;5180
2025.0;75;3744
2025.0;76;7014
2025.0;77;3638
2025.0;78;875
2025.0;79;495
2025.0;80;1639
2025.0;81;1113
2025.0;82;3267
2025.0;83;2624
2025.0;84;1255
2025.0;85;1830
2025.0;86;13722
2025.0;87;20903
2025.0;88;17910
2025.0;89;15920
2025.0;90;25500
2025.0;91;12832
2025.0;92;5581
2025.0;93;17836
2025.0;94;22164
2025.0;95;16906
2025.0;96;2210
2025.0;97;1651
2025.0;98;8255
2025.0;99;6335
2025.0;100;4824
2025.0;101;1453
2025.0;102;1152
2025.0;103;302
2025.0;104;445
2025.0;105;1073
2025.0;106;901
2025.0;107;387
2025.0;108;490
2025.0;109;945
2025.0;110;1171
2025.0;111;698
2025.0;112;6544
2025.0;113;9053
2025.0;114;1022
2025.0;115;2296
2025.0833333333333;1;6915
2025.0833333333333;2;7272
2025.0833333333333;3;6272
2025.0833333333333;4;8724
2025.0833333333333;5;2026
2025.0833333333333;6;1686
2025.0833333333333;7;2129
2025.0833333333333;8;4731
2025.0833333333333;9;1521
2025.0833333333333;10;6516
2025.0833333333333;11;1080
2025.0833333333333;12;2028
2025.0833333333333;13;1534
2025.0833333333333;14;3422
2025.0833333333333;15;1670
2025.0833333333333;16;22488
2025.0833333333333;17;4566
2025.0833333333333;18;3798
2025.0833333333333;19;4599
2025.0833333333333;20;3721
2025.0833333333333;21;5951
2025.0833333333333;22;1471
2025.0833333333333;23;1253
2025.0833333333333;24;4106
2025.0833333333333;25;4237
2025.0833333333333;26;3162
2025.0833333333333;27;2678
2025.0833333333333;28;3943
2025.0833333333333;29;5812
2025.0833333333333;30;3594
2025.0833333333333;31;6410
2025.0833333333333;32;12457
2025.0833333333333;33;19215
2025.0833333333333;34;15566
2025.0833333333333;35;9551
2025.0833333333333;36;12559
2025.0833333333333;37;5165
2025.0833333333333;38;2435
2025.0833333333333;39;6202
2025.0833333333333;40;12810
2025.0833333333333;41;5639
2025.0833333333333;42;3737
2025.0833333333333;43;7453
2025.0833333333333;44;6110
2025.0833333333333;45;2400
2025.0833333333333;46;2892
2025.0833333333333;47;7487
2025.0833333333333;48;2460
2025.0833333333333;49;1596
2025.0833333333333;50;33013
2025.0833333333333;51;11912
2025.0833333333333;52;6278
2025.0833333333333;53;8432
2025.0833333333333;54;10351
2025.0833333333333;55;8450
2025.0833333333333;56;9916
2025.0833333333333;57;3267
2025.0833333333333;58;3569
2025.0833333333333;59;1965
2025.0833333333333;60;11139
2025.0833333333333;61;10239
2025.0833333333333;62;6098
2025.0833333333333;63;3811
2025.0833333333333;64;8579
2025.0833333333333;65;4012
2025.0833333333333;66;1142
2025.0833333333333;67;2066
2025.0833333333333;68;2692
2025.0833333333333;69;1555
2025.0833333333333;70;1887
2025.0833333333333;71;2067
2025.0833333333333;72;2143
2025.0833333333333;73;5188
2025.0833333333333;74;6644
2025.0833333333333;75;4184
2025.0833333333333;76;7666
2025.0833333333333;77;4302
2025.0833333333333;78;1055
2025.0833333333333;79;739
2025.0833333333333;80;1927
2025.0833333333333;81;1407
2025.0833333333333;82;3885
2025.0833333333333;83;2908
2025.0833333333333;84;1527
2025.0833333333333;85;1986
2025.0833333333333;86;13650
2025.0833333333333;87;20717
2025.0833333333333;88;17724
2025.0833333333333;89;15710
2025.0833333333333;90;25384
2025.0833333333333;91;12492
2025.0833333333333;92;5465
2025.0833333333333;93;17560
2025.0833333333333;94;21450
2025.0833333333333;95;16774
2025.0833333333333;96;2210
2025.0833333333333;97;1607
2025.0833333333333;98;8255
2025.0833333333333;99;6247
2025.0833333333333;100;4612
2025.0833333333333;101;1707
2025.0833333333333;102;1312
2025.0833333333333;103;302
2025.0833333333333;104;425
2025.0833333333333;105;1223
2025.0833333333333;106;1033
2025.0833333333333;107;371
2025.0833333333333;108;480
2025.0833333333333;109;6193
2025.0833333333333;110;1883
2025.0833333333333;111;994
2025.0833333333333;112;6388
2025.0833333333333;113;9053
2025.0833333333333;114;1014
2025.0833333333333;115;2158
2025.1666666666667;1;6509
2025.1666666666667;2;6230
2025.1666666666667;3;4990
2025.1666666666667;4;11776
2025.1666666666667;5;2530
2025.1666666666667;6;1506
2025.1666666666667;7;4323
2025.1666666666667;8;4297
2025.1666666666667;9;1099
2025.1666666666667;10;5840
2025.1666666666667;11;1052
2025.1666666666667;12;1426
2025.1666666666667;13;1430
2025.1666666666667;14;3630
2025.1666666666667;15;1338
2025.1666666666667;16;21284
2025.1666666666667;17;4522
2025.1666666666667;18;3700
2025.1666666666667;19;4749
2025.1666666666667;20;3083
2025.1666666666667;21;5557
2025.1666666666667;22;1287
2025.1666666666667;23;1153
2025.1666666666667;24;4364
2025.1666666666667;25;4061
2025.1666666666667;26;3066
2025.1666666666667;27;2684
2025.1666666666667;28;4049
2025.1666666666667;29;7806
2025.1666666666667;30;3300
2025.1666666666667;31;8598
2025.1666666666667;32;18373
2025.1666666666667;33;17785
2025.1666666666667;34;20304
2025.1666666666667;35;11971
2025.1666666666667;36;11421
2025.1666666666667;37;4947
2025.1666666666667;38;1939
2025.1666666666667;39;5048
2025.1666666666667;40;11024
2025.1666666666667;41;5213
2025.1666666666667;42;3713
2025.1666666666667;43;7475
2025.1666666666667;44;5912
2025.1666666666667;45;2392
2025.1666666666667;46;2982
2025.1666666666667;47;7665
2025.1666666666667;48;2432
2025.1666666666667;49;1482
2025.1666666666667;50;40115
2025.1666666666667;51;11702
2025.1666666666667;52;6306
2025.1666666666667;53;7952
2025.1666666666667;54;10803
2025.1666666666667;55;8126
2025.1666666666667;56;9362
2025.1666666666667;57;3189
2025.1666666666667;58;3419
2025.1666666666667;59;1769
2025.1666666666667;60;12879
2025.1666666666667;61;9763
2025.1666666666667;62;6384
2025.1666666666667;63;3951
2025.1666666666667;64;7963
2025.1666666666667;65;3884
2025.1666666666667;66;962
2025.1666666666667;67;2104
2025.1666666666667;68;2884
2025.1666666666667;69;1723
2025.1666666666667;70;1843
2025.1666666666667;71;2109
2025.1666666666667;72;2249
2025.1666666666667;73;6168
2025.1666666666667;74;8070
2025.1666666666667;75;4240
2025.1666666666667;76;7916
2025.1666666666667;77;4694
2025.1666666666667;78;835
2025.1666666666667;79;789
2025.1666666666667;80;2117
2025.1666666666667;81;1493
2025.1666666666667;82;3751
2025.1666666666667;83;2850
2025.1666666666667;84;1213
2025.1666666666667;85;1966
2025.1666666666667;86;12276
2025.1666666666667;87;20075
2025.1666666666667;88;16376
2025.1666666666667;89;14846
2025.1666666666667;90;23832
2025.1666666666667;91;11486
2025.1666666666667;92;5125
2025.1666666666667;93;16652
2025.1666666666667;94;20072
2025.1666666666667;95;15926
2025.1666666666667;96;2018
2025.1666666666667;97;1543
2025.1666666666667;98;7839
2025.1666666666667;99;5913
2025.1666666666667;100;4110
2025.1666666666667;101;1633
2025.1666666666667;102;1226
2025.1666666666667;103;814
2025.1666666666667;104;1371
2025.1666666666667;105;1151
2025.1666666666667;106;1107
2025.1666666666667;107;1255
2025.1666666666667;108;1420
2025.1666666666667;109;5679
2025.1666666666667;110;1359
2025.1666666666667;111;902
2025.1666666666667;112;5380
2025.1666666666667;113;8359
2025.1666666666667;114;942
2025.1666666666667;115;5426
2025.25;1;6465
2025.25;2;9038
2025.25;3;5552
2025.25;4;10456
2025.25;5;2082
2025.25;6;1390
2025.25;7;3711
2025.25;8;3429
2025.25;9;3319
2025.25;10;5168
2025.25;11;876
2025.25;12;1468
2025.25;13;1362
2025.25;14;3438
2025.25;15;1392
2025.25;16;50294
2025.25;17;4256
2025.25;18;3708
2025.25;19;4673
2025.25;20;2615
2025.25;21;5279
2025.25;22;1175
2025.25;23;1613
2025.25;24;4390
2025.25;25;4145
2025.25;26;3366
2025.25;27;2954
2025.25;28;3989
2025.25;29;6966
2025.25;30;5516
2025.25;31;8092
2025.25;32;15931
2025.25;33;16111
2025.25;34;17156
2025.25;35;10661
2025.25;36;14517
2025.25;37;6783
2025.25;38;4015
2025.25;39;7196
2025.25;40;9508
2025.25;41;4901
2025.25;42;3573
2025.25;43;6941
2025.25;44;5560
2025.25;45;2442
2025.25;46;3118
2025.25;47;7551
2025.25;48;2396
2025.25;49;1982
2025.25;50;37803
2025.25;51;11552
2025.25;52;6092
2025.25;53;7244
2025.25;54;10599
2025.25;55;7582
2025.25;56;18196
2025.25;57;2947
2025.25;58;3437
2025.25;59;1537
2025.25;60;11105
2025.25;61;9235
2025.25;62;6006
2025.25;63;3559
2025.25;64;7387
2025.25;65;3404
2025.25;66;1082
2025.25;67;1970
2025.25;68;2730
2025.25;69;1649
2025.25;70;1883
2025.25;71;2173
2025.25;72;2391
2025.25;73;7048
2025.25;74;8708
2025.25;75;3936
2025.25;76;7680
2025.25;77;4762
2025.25;78;717
2025.25;79;679
2025.25;80;1929
2025.25;81;1525
2025.25;82;3439
2025.25;83;2488
2025.25;84;1167
2025.25;85;1966
2025.25;86;11284
2025.25;87;18909
2025.25;88;14238
2025.25;89;14040
2025.25;90;21840
2025.25;91;10616
2025.25;92;4853
2025.25;93;15402
2025.25;94;18100
2025.25;95;14476
2025.25;96;2312
2025.25;97;1473
2025.25;98;7585
2025.25;99;5629
2025.25;100;3556
2025.25;101;1585
2025.25;102;1080
2025.25;103;1232
2025.25;104;1267
2025.25;105;855
2025.25;106;977
2025.25;107;1323
2025.25;108;1346
2025.25;109;4941
2025.25;110;1675
2025.25;111;996
2025.25;112;4350
2025.25;113;7427
2025.25;114;840
2025.25;115;4156
2025.3333333333333;1;7425
2025.3333333333333;2;7656
2025.3333333333333;3;4824
2025.3333333333333;4;9696
2025.3333333333333;5;1258
2025.3333333333333;6;1254
2025.3333333333333;7;3519
2025.3333333333333;8;2813
2025.3333333333333;9;3027
2025.3333333333333;10;4964
2025.3333333333333;11;1022
2025.3333333333333;12;2114
2025.3333333333333;13;1970
2025.3333333333333;14;3518
2025.3333333333333;15;1694
2025.3333333333333;16;48282
2025.3333333333333;17;4706
2025.3333333333333;18;3750
2025.3333333333333;19;5053
2025.3333333333333;20;2379
2025.3333333333333;21;5009
2025.3333333333333;22;1057
2025.3333333333333;23;1475
2025.3333333333333;24;4826
2025.3333333333333;25;4565
2025.3333333333333;26;3564
2025.3333333333333;27;3148
2025.3333333333333;28;4309
2025.3333333333333;29;6544
2025.3333333333333;30;5180
2025.3333333333333;31;7664
2025.3333333333333;32;14241
2025.3333333333333;33;22117
2025.3333333333333;34;16394
2025.3333333333333;35;10331
2025.3333333333333;36;13107
2025.3333333333333;37;6485
2025.3333333333333;38;3527
2025.3333333333333;39;6912
2025.3333333333333;40;8278
2025.3333333333333;41;4383
2025.3333333333333;42;3589
2025.3333333333333;43;6939
2025.3333333333333;44;5434
2025.3333333333333;45;2562
2025.3333333333333;46;3182
2025.3333333333333;47;7765
2025.3333333333333;48;2398
2025.3333333333333;49;1832
2025.3333333333333;50;36069
2025.3333333333333;51;11744
2025.3333333333333;52;6484
2025.3333333333333;53;7708
2025.3333333333333;54;10979
2025.3333333333333;55;7980
2025.3333333333333;56;17696
2025.3333333333333;57;3279
2025.3333333333333;58;3373
2025.3333333333333;59;1541
2025.3333333333333;60;12937
2025.3333333333333;61;9981
2025.3333333333333;62;6650
2025.3333333333333;63;4081
2025.3333333333333;64;8979
2025.3333333333333;65;3716
2025.3333333333333;66;1174
2025.3333333333333;67;2354
2025.3333333333333;68;3426
2025.3333333333333;69;1581
2025.3333333333333;70;1919
2025.3333333333333;71;2461
2025.3333333333333;72;2793
2025.3333333333333;73;7804
2025.3333333333333;74;10228
2025.3333333333333;75;4726
2025.3333333333333;76;8128
2025.3333333333333;77;4936
2025.3333333333333;78;693
2025.3333333333333;79;787
2025.3333333333333;80;2039
2025.3333333333333;81;1625
2025.3333333333333;82;4171
2025.3333333333333;83;2698
2025.3333333333333;84;1239
2025.3333333333333;85;2262
2025.3333333333333;86;10440
2025.3333333333333;87;18113
2025.3333333333333;88;13162
2025.3333333333333;89;13182
2025.3333333333333;90;21282
2025.3333333333333;91;9850
2025.3333333333333;92;4697
2025.3333333333333;93;14336
2025.3333333333333;94;16234
2025.3333333333333;95;13420
2025.3333333333333;96;2244
2025.3333333333333;97;1409
2025.3333333333333;98;7073
2025.3333333333333;99;5163
2025.3333333333333;100;5964
2025.3333333333333;101;1735
2025.3333333333333;102;1036
2025.3333333333333;103;1140
2025.3333333333333;104;1211
2025.3333333333333;105;871
2025.3333333333333;106;1043
2025.3333333333333;107;1213
2025.3333333333333;108;1288
2025.3333333333333;109;4567
2025.3333333333333;110;1359
2025.3333333333333;111;870
2025.3333333333333;112;4088
2025.3333333333333;113;7017
2025.3333333333333;114;782
2025.3333333333333;115;3902
2025.4166666666667;1;8169
2025.4166666666667;2;7104
2025.4166666666667;3;7392
2025.4166666666667;4;13438
2025.4166666666667;5;2486
2025.4166666666667;6;1186
2025.4166666666667;7;3199
2025.4166666666667;8;1945
2025.4166666666667;9;2491
2025.4166666666667;10;9512
2025.4166666666667;11;1008
2025.4166666666667;12;2030
2025.4166666666667;13;1694
2025.4166666666667;14;3670
2025.4166666666667;15;1768
2025.4166666666667;16;46480
2025.4166666666667;17;4478
2025.4166666666667;18;3862
2025.4166666666667;19;4931
2025.4166666666667;20;1913
2025.4166666666667;21;4707
2025.4166666666667;22;1923
2025.4166666666667;23;1367
2025.4166666666667;24;4876
2025.4166666666667;25;4893
2025.4166666666667;26;3638
2025.4166666666667;27;3198
2025.4166666666667;28;4429
2025.4166666666667;29;8438
2025.4166666666667;30;4872
2025.4166666666667;31;9958
2025.4166666666667;32;20299
2025.4166666666667;33;20637
2025.4166666666667;34;23446
2025.4166666666667;35;12651
2025.4166666666667;36;11617
2025.4166666666667;37;5829
2025.4166666666667;38;2759
2025.4166666666667;39;6048
2025.4166666666667;40;14134
2025.4166666666667;41;7595
2025.4166666666667;42;3551
2025.4166666666667;43;6843
2025.4166666666667;44;5972
2025.4166666666667;45;2586
2025.4166666666667;46;3202
2025.4166666666667;47;7547
2025.4166666666667;48;2536
2025.4166666666667;49;1712
2025.4166666666667;50;42387
2025.4166666666667;51;11320
2025.4166666666667;52;6606
2025.4166666666667;53;7748
2025.4166666666667;54;11373
2025.4166666666667;55;8202
2025.4166666666667;56;17180
2025.4166666666667;57;3265
2025.4166666666667;58;3451
2025.4166666666667;59;1563
2025.4166666666667;60;11871
2025.4166666666667;61;10327
2025.4166666666667;62;6426
2025.4166666666667;63;3979
2025.4166666666667;64;9577
2025.4166666666667;65;3746
2025.4166666666667;66;1158
2025.4166666666667;67;2578
2025.4166666666667;68;3662
2025.4166666666667;69;1489
2025.4166666666667;70;2055
2025.4166666666667;71;2623
2025.4166666666667;72;2869
2025.4166666666667;73;8374
2025.4166666666667;74;10892
2025.4166666666667;75;4150
2025.4166666666667;76;7512
2025.4166666666667;77;4752
2025.4166666666667;78;999
2025.4166666666667;79;865
2025.4166666666667;80;1851
2025.4166666666667;81;1631
2025.4166666666667;82;4605
2025.4166666666667;83;2788
2025.4166666666667;84;1361
2025.4166666666667;85;2116
2025.4166666666667;86;8764
2025.4166666666667;87;17117
2025.4166666666667;88;10844
2025.4166666666667;89;12466
2025.4166666666667;90;19256
2025.4166666666667;91;8910
2025.4166666666667;92;4381
2025.4166666666667;93;13318
2025.4166666666667;94;14720
2025.4166666666667;95;12144
2025.4166666666667;96;2060
2025.4166666666667;97;1361
2025.4166666666667;98;6667
2025.4166666666667;99;4565
2025.4166666666667;100;5276
2025.4166666666667;101;1791
2025.4166666666667;102;1084
2025.4166666666667;103;1086
2025.4166666666667;104;1129
2025.4166666666667;105;991
2025.4166666666667;106;1007
2025.4166666666667;107;1153
2025.4166666666667;108;1192
2025.4166666666667;109;4197
2025.4166666666667;110;1807
2025.4166666666667;111;1052
2025.4166666666667;112;3696
2025.4166666666667;113;6381
2025.4166666666667;114;734
2025.4166666666667;115;3342
2025.5;1;9139
2025.5;2;10506
2025.5;3;6182
2025.5;4;12312
2025.5;5;2068
2025.5;6;2008
2025.5;7;2981
2025.5;8;1685
2025.5;9;2181
2025.5;10;8956
2025.5;11;1018
2025.5;12;2384
2025.5;13;2158
2025.5;14;3860
2025.5;15;1904
2025.5;16;45040
2025.5;17;4594
2025.5;18;4516
2025.5;19;5337
2025.5;20;1555
2025.5;21;4377
2025.5;22;1747
2025.5;23;1891
2025.5;24;5000
2025.5;25;4775
2025.5;26;4044
2025.5;27;3576
2025.5;28;4345
2025.5;29;7822
2025.5;30;4220
2025.5;31;9390
2025.5;32;18377
2025.5;33;19031
2025.5;34;22200
2025.5;35;11641
2025.5;36;15631
2025.5;37;7759
2025.5;38;4719
2025.5;39;9138
2025.5;40;13154
2025.5;41;7495
2025.5;42;3739
2025.5;43;7033
2025.5;44;6516
2025.5;45;2698
2025.5;46;3388
2025.5;47;7695
2025.5;48;2698
2025.5;49;1630
2025.5;50;38997
2025.5;51;11972
2025.5;52;6970
2025.5;53;8104
2025.5;54;11793
2025.5;55;8404
2025.5;56;16664
2025.5;57;3513
2025.5;58;3629
2025.5;59;1917
2025.5;60;13311
2025.5;61;10395
2025.5;62;7352
2025.5;63;4111
2025.5;64;9507
2025.5;65;3722
2025.5;66;1298
2025.5;67;2692
2025.5;68;3892
2025.5;69;1561
2025.5;70;1945
2025.5;71;2651
2025.5;72;3259
2025.5;73;8518
2025.5;74;12192
2025.5;75;4840
2025.5;76;7774
2025.5;77;5256
2025.5;78;1231
2025.5;79;1017
2025.5;80;2205
2025.5;81;1755
2025.5;82;5327
2025.5;83;3038
2025.5;84;1669
2025.5;85;2346
2025.5;86;9326
2025.5;87;17127
2025.5;88;11062
2025.5;89;12868
2025.5;90;20688
2025.5;91;10590
2025.5;92;4841
2025.5;93;16186
2025.5;94;14714
2025.5;95;11532
2025.5;96;1928
2025.5;97;1297
2025.5;98;6871
2025.5;99;4301
2025.5;100;4868
2025.5;101;1917
2025.5;102;1180
2025.5;103;1054
2025.5;104;1107
2025.5;105;1185
2025.5;106;1069
2025.5;107;1113
2025.5;108;1152
2025.5;109;3927
2025.5;110;1509
2025.5;111;966
2025.5;112;3310
2025.5;113;5861
2025.5;114;702
2025.5;115;2958
2025.5833333333333;1;9173
2025.5833333333333;2;9816
2025.5833333333333;3;8656
2025.5833333333333;4;11524
2025.5833333333333;5;1556
2025.5833333333333;6;1898
2025.5833333333333;7;2601
2025.5833333333333;8;5547
2025.5833333333333;9;1785
2025.5833333333333;10;8384
2025.5833333333333;11;1188
2025.5833333333333;12;2988
2025.5833333333333;13;2578
2025.5833333333333;14;4520
2025.5833333333333;15;1890
2025.5833333333333;16;43044
2025.5833333333333;17;4900
2025.5833333333333;18;4892
2025.5833333333333;19;5719
2025.5833333333333;20;3759
2025.5833333333333;21;7537
2025.5833333333333;22;1657
2025.5833333333333;23;1817
2025.5833333333333;24;5760
2025.5833333333333;25;4937
2025.5833333333333;26;4296
2025.5833333333333;27;3680
2025.5833333333333;28;4813
2025.5833333333333;29;7258
2025.5833333333333;30;6874
2025.5833333333333;31;8954
2025.5833333333333;32;17609
2025.5833333333333;33;25053
2025.5833333333333;34;20608
2025.5833333333333;35;10971
2025.5833333333333;36;15067
2025.5833333333333;37;7031
2025.5833333333333;38;4341
2025.5833333333333;39;8396
2025.5833333333333;40;11824
2025.5833333333333;41;7123
2025.5833333333333;42;4083
2025.5833333333333;43;7497
2025.5833333333333;44;7302
2025.5833333333333;45;2808
2025.5833333333333;46;3488
2025.5833333333333;47;7823
2025.5833333333333;48;2852
2025.5833333333333;49;1806
2025.5833333333333;50;37769
2025.5833333333333;51;12278
2025.5833333333333;52;7090
2025.5833333333333;53;8432
2025.5833333333333;54;12295
2025.5833333333333;55;9034
2025.5833333333333;56;16224
2025.5833333333333;57;3725
2025.5833333333333;58;3819
2025.5833333333333;59;2161
2025.5833333333333;60;12721
2025.5833333333333;61;10793
2025.5833333333333;62;8346
2025.5833333333333;63;4307
2025.5833333333333;64;10623
2025.5833333333333;65;4046
2025.5833333333333;66;1344
2025.5833333333333;67;2538
2025.5833333333333;68;4400
2025.5833333333333;69;1607
2025.5833333333333;70;2191
2025.5833333333333;71;2889
2025.5833333333333;72;3533
2025.5833333333333;73;8710
2025.5833333333333;74;14772
2025.5833333333333;75;5290
2025.5833333333333;76;7828
2025.5833333333333;77;5284
2025.5833333333333;78;1305
2025.5833333333333;79;1323
2025.5833333333333;80;2293
2025.5833333333333;81;1881
2025.5833333333333;82;5603
2025.5833333333333;83;3348
2025.5833333333333;84;1801
2025.5833333333333;85;2442
2025.5833333333333;86;8420
2025.5833333333333;87;16175
2025.5833333333333;88;10102
2025.5833333333333;89;11294
2025.5833333333333;90;19620
2025.5833333333333;91;9964
2025.5833333333333;92;4605
2025.5833333333333;93;15148
2025.5833333333333;94;13816
2025.5833333333333;95;10068
2025.5833333333333;96;1870
2025.5833333333333;97;1297
2025.5833333333333;98;6641
2025.5833333333333;99;4037
2025.5833333333333;100;4062
2025.5833333333333;101;2137
2025.5833333333333;102;1272
2025.5833333333333;103;1016
2025.5833333333333;104;1099
2025.5833333333333;105;1429
2025.5833333333333;106;1205
2025.5833333333333;107;1103
2025.5833333333333;108;1140
2025.5833333333333;109;3797
2025.5833333333333;110;2281
2025.5833333333333;111;1246
2025.5833333333333;112;3024
2025.5833333333333;113;5721
2025.5833333333333;114;688
2025.5833333333333;115;6654
2025.6666666666667;1;9663
2025.6666666666667;2;9172
2025.6666666666667;3;8248
2025.6666666666667;4;14766
2025.6666666666667;5;3128
2025.6666666666667;6;1766
2025.6666666666667;7;4545
2025.6666666666667;8;4955
2025.6666666666667;9;1571
2025.6666666666667;10;7534
2025.6666666666667;11;1324
2025.6666666666667;12;3012
2025.6666666666667;13;2886
2025.6666666666667;14;4892
2025.6666666666667;15;2082
2025.6666666666667;16;41442
2025.6666666666667;17;5286
2025.6666666666667;18;4614
2025.6666666666667;19;6255
2025.6666666666667;20;3251
2025.6666666666667;21;7087
2025.6666666666667;22;1597
2025.6666666666667;23;1801
2025.6666666666667;24;6798
2025.6666666666667;25;5145
2025.6666666666667;26;4490
2025.6666666666667;27;3888
2025.6666666666667;28;4865
2025.6666666666667;29;9310
2025.6666666666667;30;6486
2025.6666666666667;31;11916
2025.6666666666667;32;22433
2025.6666666666667;33;23843
2025.6666666666667;34;27844
2025.6666666666667;35;16057
2025.6666666666667;36;14161
2025.6666666666667;37;5883
2025.6666666666667;38;3897
2025.6666666666667;39;8196
2025.6666666666667;40;9942
2025.6666666666667;41;6749
2025.6666666666667;42;4383
2025.6666666666667;43;7509
2025.6666666666667;44;7780
2025.6666666666667;45;2886
2025.6666666666667;46;3484
2025.6666666666667;47;8025
2025.6666666666667;48;3028
2025.6666666666667;49;1692
2025.6666666666667;50;44943
2025.6666666666667;51;12218
2025.6666666666667;52;7742
2025.6666666666667;53;8638
2025.6666666666667;54;12847
2025.6666666666667;55;9532
2025.6666666666667;56;15690
2025.6666666666667;57;3953
2025.6666666666667;58;4079
2025.6666666666667;59;2471
2025.6666666666667;60;14571
2025.6666666666667;61;11107
2025.6666666666667;62;8770
2025.6666666666667;63;4281
2025.6666666666667;64;10997
2025.6666666666667;65;3958
2025.6666666666667;66;1562
2025.6666666666667;67;2720
2025.6666666666667;68;4738
2025.6666666666667;69;1629
2025.6666666666667;70;2317
2025.6666666666667;71;2869
2025.6666666666667;72;3777
2025.6666666666667;73;9008
2025.6666666666667;74;17014
2025.6666666666667;75;5690
2025.6666666666667;76;8358
2025.6666666666667;77;5268
2025.6666666666667;78;1429
2025.6666666666667;79;1579
2025.6666666666667;80;2385
2025.6666666666667;81;1947
2025.6666666666667;82;5591
2025.6666666666667;83;3700
2025.6666666666667;84;1813
2025.6666666666667;85;2534
2025.6666666666667;86;6834
2025.6666666666667;87;15449
2025.6666666666667;88;9368
2025.6666666666667;89;9912
2025.6666666666667;90;18118
2025.6666666666667;91;9436
2025.6666666666667;92;4513
2025.6666666666667;93;14292
2025.6666666666667;94;12886
2025.6666666666667;95;9480
2025.6666666666667;96;1754
2025.6666666666667;97;1271
2025.6666666666667;98;6121
2025.6666666666667;99;3781
2025.6666666666667;100;3570
2025.6666666666667;101;2145
2025.6666666666667;102;1188
2025.6666666666667;103;898
2025.6666666666667;104;1049
2025.6666666666667;105;1435
2025.6666666666667;106;1271
2025.6666666666667;107;1005
2025.6666666666667;108;1104
2025.6666666666667;109;3511
2025.6666666666667;110;1773
2025.6666666666667;111;1014
2025.6666666666667;112;2108
2025.6666666666667;113;5091
2025.6666666666667;114;580
2025.6666666666667;115;5634
2025.75;1;7449
2025.75;2;11364
2025.75;3;9474
2025.75;4;12234
2025.75;5;2260
2025.75;6;1384
2025.75;7;3333
2025.75;8;3671
2025.75;9;3511
2025.75;10;5934
2025.75;11;1208
2025.75;12;1684
2025.75;13;2116
2025.75;14;4180
2025.75;15;1406
2025.75;16;37920
2025.75;17;4112
2025.75;18;3652
2025.75;19;4821
2025.75;20;2407
2025.75;21;6443
2025.75;22;1147
2025.75;23;2135
2025.75;24;5962
2025.75;25;4641
2025.75;26;4172
2025.75;27;3494
2025.75;28;4279
2025.75;29;7864
2025.75;30;4968
2025.75;31;9844
2025.75;32;18453
2025.75;33;19013
2025.75;34;22976
2025.75;35;13497
2025.75;36;16133
2025.75;37;6483
2025.75;38;5165
2025.75;39;10168
2025.75;40;13974
2025.75;41;5697
2025.75;42;4049
2025.75;43;6599
2025.75;44;7512
2025.75;45;2666
2025.75;46;3254
2025.75;47;7489
2025.75;48;2862
2025.75;49;1480
2025.75;50;39485
2025.75;51;10986
2025.75;52;6932
2025.75;53;7698
2025.75;54;11959
2025.75;55;7580
2025.75;56;14400
2025.75;57;3693
2025.75;58;3857
2025.75;59;2155
2025.75;60;12999
2025.75;61;8987
2025.75;62;7284
2025.75;63;4179
2025.75;64;9843
2025.75;65;3158
2025.75;66;1194
2025.75;67;1132
2025.75;68;4088
2025.75;69;1539
2025.75;70;1895
2025.75;71;2607
2025.75;72;3493
2025.75;73;7246
2025.75;74;16064
2025.75;75;3844
2025.75;76;7722
2025.75;77;4090
2025.75;78;-345
2025.75;79;997
2025.75;80;1401
2025.75;81;1425
2025.75;82;3929
2025.75;83;2724
2025.75;84;1393
2025.75;85;1406
2025.75;86;5020
2025.75;87;14939
2025.75;88;8606
2025.75;89;9106
2025.75;90;17468
2025.75;91;8744
2025.75;92;4289
2025.75;93;13300
2025.75;94;11550
2025.75;95;8942
2025.75;96;1966
2025.75;97;1211
2025.75;98;5885
2025.75;99;3539
2025.75;100;2906
2025.75;101;1997
2025.75;102;1226
2025.75;103;798
2025.75;104;915
2025.75;105;1235
2025.75;106;1283
2025.75;107;777
2025.75;108;958
2025.75;109;2615
2025.75;110;2043
2025.75;111;1146
2025.75;112;1402
2025.75;113;4191
2025.75;114;440
2025.75;115;4488
2025.8333333333333;1;7595
2025.8333333333333;2;10326
2025.8333333333333;3;9020
2025.8333333333333;4;11644
2025.8333333333333;5;1958
2025.8333333333333;6;1322
2025.8333333333333;7;2905
2025.8333333333333;8;3035
2025.8333333333333;9;3397
2025.8333333333333;10;5776
2025.8333333333333;11;1030
2025.8333333333333;12;2098
2025.8333333333333;13;2538
2025.8333333333333;14;4674
2025.8333333333333;15;1622
2025.8333333333333;16;37632
2025.8333333333333;17;4338
2025.8333333333333;18;4248
2025.8333333333333;19;5537
2025.8333333333333;20;2075
2025.8333333333333;21;6191
2025.8333333333333;22;963
2025.8333333333333;23;2063
2025.8333333333333;24;6872
2025.8333333333333;25;4899
2025.8333333333333;26;4410
2025.8333333333333;27;3690
2025.8333333333333;28;4533
2025.8333333333333;29;7284
2025.8333333333333;30;4792
2025.8333333333333;31;9102
2025.8333333333333;32;17597
2025.8333333333333;33;24301
2025.8333333333333;34;20946
2025.8333333333333;35;11693
2025.8333333333333;36;15589
2025.8333333333333;37;6007
2025.8333333333333;38;4821
2025.8333333333333;39;9570
2025.8333333333333;40;13204
2025.8333333333333;41;5435
2025.8333333333333;42;4371
2025.8333333333333;43;7159
2025.8333333333333;44;8128
2025.8333333333333;45;2868
2025.8333333333333;46;3340
2025.8333333333333;47;7943
2025.8333333333333;48;3130
2025.8333333333333;49;1422
2025.8333333333333;50;37609
2025.8333333333333;51;11696
2025.8333333333333;52;7242
2025.8333333333333;53;7886
2025.8333333333333;54;12711
2025.8333333333333;55;8206
2025.8333333333333;56;14376
2025.8333333333333;57;4205
2025.8333333333333;58;4291
2025.8333333333333;59;2571
2025.8333333333333;60;14655
2025.8333333333333;61;9785
2025.8333333333333;62;8154
2025.8333333333333;63;4869
2025.8333333333333;64;11403
2025.8333333333333;65;3494
2025.8333333333333;66;1482
2025.8333333333333;67;1752
2025.8333333333333;68;4992
2025.8333333333333;69;1539
2025.8333333333333;70;2251
2025.8333333333333;71;2845
2025.8333333333333;72;3891
2025.8333333333333;73;7502
2025.8333333333333;74;17814
2025.8333333333333;75;4426
2025.8333333333333;76;9046
2025.8333333333333;77;4498
2025.8333333333333;78;103
2025.8333333333333;79;1245
2025.8333333333333;80;1735
2025.8333333333333;81;1527
2025.8333333333333;82;4247
2025.8333333333333;83;3166
2025.8333333333333;84;1689
2025.8333333333333;85;1520
2025.8333333333333;86;4798
2025.8333333333333;87;14827
2025.8333333333333;88;8310
2025.8333333333333;89;8822
2025.8333333333333;90;17318
2025.8333333333333;91;8544
2025.8333333333333;92;4231
2025.8333333333333;93;13038
2025.8333333333333;94;11066
2025.8333333333333;95;8706
2025.8333333333333;96;1966
2025.8333333333333;97;1175
2025.8333333333333;98;5697
2025.8333333333333;99;3391
2025.8333333333333;100;2670
2025.8333333333333;101;1955
2025.8333333333333;102;1362
2025.8333333333333;103;732
2025.8333333333333;104;909
2025.8333333333333;105;1453
2025.8333333333333;106;1463
2025.8333333333333;107;719
2025.8333333333333;108;922
2025.8333333333333;109;2395
2025.8333333333333;110;1827
2025.8333333333333;111;948
2025.8333333333333;112;8176
2025.8333333333333;113;3831
2025.8333333333333;114;400
2025.8333333333333;115;4108
2025.9166666666667;1;8231
2025.9166666666667;2;8804
2025.9166666666667;3;11690
2025.9166666666667;4;15150
2025.9166666666667;5;3106
2025.9166666666667;6;2032
2025.9166666666667;7;2435
2025.9166666666667;8;2921
2025.9166666666667;9;3197
2025.9166666666667;10;5382
2025.9166666666667;11;902
2025.9166666666667;12;2254
2025.9166666666667;13;2822
2025.9166666666667;14;4564
2025.9166666666667;15;1546
2025.9166666666667;16;35148
2025.9166666666667;17;4860
2025.9166666666667;18;4250
2025.9166666666667;19;5987
2025.9166666666667;20;1865
2025.9166666666667;21;5835
2025.9166666666667;22;895
2023.0;1;2007
2023.0;2;1718
2023.0;3;2100
2023.0;4;4914
2023.0;5;846
2023.0;6;1084
2023.0;7;2107
2023.0;8;1743
2023.0;9;1071
2023.0;10;2502
2023.0;11;618
2023.0;12;1034
2023.0;13;782
2023.0;14;2630
2023.0;15;984
2023.0;16;16632
2023.0;17;3452
2023.0;18;3326
2023.0;19;2533
2023.0;20;1293
2023.0;21;1113
2023.0;22;827
2023.0;23;609
2023.0;24;1870
2023.0;25;1761
2023.0;26;1642
2023.0;27;1256
2023.0;28;1311
2023.0;29;2492
2023.0;30;1596
2023.0;31;2520
2023.0;32;6321
2023.0;33;5999
2023.0;34;4732
2023.0;35;3773
2023.0;36;5575
2023.0;37;2567
2023.0;38;2189
2023.0;39;3092
2023.0;40;5502
2023.0;41;2079
2023.0;63;1075
2023.0;64;3161
2023.0;65;886
2023.0;66;436
2023.0;67;1110
2023.0;68;1712
2023.0;69;421
2023.0;70;695
2023.0;71;681
2023.0;72;645
2023.0;73;1214
2023.0;74;3016
2023.0;75;1362
2023.0;76;2118
2023.0;77;1992
2023.0;78;847
2023.0;79;541
2023.0;80;457
2023.0;81;639
2023.0;82;2977
2023.0;83;1730
2023.0;84;335
2023.0;85;1124
2023.0;86;26300
2023.0;87;32245
2023.0;88;32266
2023.0;89;33358
2023.0;90;49100
2023.0;91;19466
2023.0;92;8149
2023.0;93;36090
2023.0;94;39996
2023.0;95;38120
2023.0;96;2650
2023.0;97;1171
2023.0;98;11933
2023.0;99;7597
2023.0;100;15846
2023.0;101;737
2023.0;102;596
2023.0;103;224
2023.0;104;168
2023.0;105;701
2023.0;106;561
2023.0;107;31
2023.0;108;164
2023.0;109;689
2023.0;110;525
2023.0;111;512
2023.0;112;3500
2023.0;113;3369
2023.0;114;384
2023.0;115;562
2023.0833333333333;1;2263
2023.0833333333333;2;1558
2023.0833333333333;3;2738
2023.0833333333333;4;4402
2023.0833333333333;5;754
2023.0833333333333;6;1048
2023.0833333333333;7;1979
2023.0833333333333;8;2629
2023.0833333333333;9;1055
2023.0833333333333;10;2396
2023.0833333333333;11;668
2023.0833333333333;12;1168
2023.0833333333333;13;614
2023.0833333333333;14;2626
2023.0833333333333;15;796
2023.0833333333333;16;16014
2023.0833333333333;17;3542
2023.0833333333333;18;3412
2023.0833333333333;19;2677
2023.0833333333333;20;2449
2023.0833333333333;21;1997
2023.0833333333333;22;811
2023.0833333333333;23;519
2023.0833333333333;24;1712
2023.0833333333333;25;1815
2023.0833333333333;26;1810
2023.0833333333333;27;1238
2023.0833333333333;28;1243
2023.0833333333333;29;2370
2023.0833333333333;30;1492
2023.0833333333333;31;2342
2023.0833333333333;32;6063
2023.0833333333333;33;7539
2023.0833333333333;34;4146
2023.0833333333333;35;3379
2023.0833333333333;36;4789
2023.0833333333333;37;2021
2023.0833333333333;38;2037
2023.0833333333333;39;2682
2023.0833333333333;40;7154
2023.0833333333333;41;1857
2023.0833333333333;63;1019
2023.0833333333333;64;3129
2023.0833333333333;65;748
2023.0833333333333;66;440
2023.0833333333333;67;1140
2023.0833333333333;68;1614
2023.0833333333333;69;381
2023.0833333333333;70;669
2023.0833333333333;71;609
2023.0833333333333;72;629
2023.0833333333333;73;1302
2023.0833333333333;74;2852
2023.0833333333333;75;1130
2023.0833333333333;76;2114
2023.0833333333333;77;1874
2023.0833333333333;78;1015
2023.0833333333333;79;591
2023.0833333333333;80;427
2023.0833333333333;81;623
2023.0833333333333;82;3071
2023.0833333333333;83;1646
2023.0833333333333;84;283
2023.0833333333333;85;1064
2023.0833333333333;86;24942
2023.0833333333333;87;30837
2023.0833333333333;88;31606
2023.0833333333333;89;32324
2023.0833333333333;90;46354
2023.0833333333333;91;18542
2023.0833333333333;92;7783
2023.0833333333333;93;34862
2023.0833333333333;94;39156
2023.0833333333333;95;36868
2023.0833333333333;96;2512
2023.0833333333333;97;1147
2023.0833333333333;98;11507
2023.0833333333333;99;7327
2023.0833333333333;100;15000
2023.0833333333333;101;761
2023.0833333333333;102;608
2023.0833333333333;103;224
2023.0833333333333;104;152
2023.0833333333333;105;735
2023.0833333333333;106;577
2023.0833333333333;107;31
2023.0833333333333;108;158
2023.0833333333333;109;3031
2023.0833333333333;110;763
2023.0833333333333;111;576
2023.0833333333333;112;3500
2023.0833333333333;113;3369
2023.0833333333333;114;372
2023.0833333333333;115;446
2023.1666666666667;1;1965
2023.1666666666667;2;1066
2023.1666666666667;3;2468
2023.1666666666667;4;5778
2023.1666666666667;5;1174
2023.1666666666667;6;1032
2023.1666666666667;7;3069
2023.1666666666667;8;2349
2023.1666666666667;9;805
2023.1666666666667;10;2218
2023.1666666666667;11;674
2023.1666666666667;12;804
2023.1666666666667;13;548
2023.1666666666667;14;2604
2023.1666666666667;15;850
2023.1666666666667;16;15444
2023.1666666666667;17;3424
2023.1666666666667;18;3064
2023.1666666666667;19;2751
2023.1666666666667;20;2351
2023.1666666666667;21;1899
2023.1666666666667;22;721
2023.1666666666667;23;453
2023.1666666666667;24;1624
2023.1666666666667;25;1749
2023.1666666666667;26;1830
2023.1666666666667;27;1214
2023.1666666666667;28;1215
2023.1666666666667;29;2940
2023.1666666666667;30;1472
2023.1666666666667;31;3214
2023.1666666666667;32;8103
2023.1666666666667;33;6943
2023.1666666666667;34;6236
2023.1666666666667;35;4551
2023.1666666666667;36;4619
2023.1666666666667;37;1771
2023.1666666666667;38;1737
2023.1666666666667;39;2424
2023.1666666666667;40;6566
2023.1666666666667;41;1743
2023.1666666666667;63;1071
2023.1666666666667;64;3045
2023.1666666666667;65;698
2023.1666666666667;66;420
2023.1666666666667;67;1068
2023.1666666666667;68;1686
2023.1666666666667;69;329
2023.1666666666667;70;627
2023.1666666666667;71;649
2023.1666666666667;72;571
2023.1666666666667;73;1132
2023.1666666666667;74;2930
2023.1666666666667;75;1124
2023.1666666666667;76;2170
2023.1666666666667;77;1958
2023.1666666666667;78;955
2023.1666666666667;79;499
2023.1666666666667;80;327
2023.1666666666667;81;667
2023.1666666666667;82;3245
2023.1666666666667;83;1606
2023.1666666666667;84;295
2023.1666666666667;85;1052
2023.1666666666667;86;23088
2023.1666666666667;87;27265
2023.1666666666667;88;27060
2023.1666666666667;89;29268
2023.1666666666667;90;42798
2023.1666666666667;91;16880
2023.1666666666667;92;7053
2023.1666666666667;93;31048
2023.1666666666667;94;34954
2023.1666666666667;95;33556
2023.1666666666667;96;2052
2023.1666666666667;97;1365
2023.1666666666667;98;10347
2023.1666666666667;99;6391
2023.1666666666667;100;13408
2023.1666666666667;101;775
2023.1666666666667;102;520
2023.1666666666667;103;403
2023.1666666666667;104;405
2023.1666666666667;105;757
2023.1666666666667;106;633
2023.1666666666667;107;-31
2023.1666666666667;108;416
2023.1666666666667;109;2839
2023.1666666666667;110;513
2023.1666666666667;111;520
2023.1666666666667;112;3144
2023.1666666666667;113;2975
2023.1666666666667;114;334
2023.1666666666667;115;2292
2023.25;1;1837
2023.25;2;1330
2023.25;3;2846
2023.25;4;5068
2023.25;5;1050
2023.25;6;954
2023.25;7;2823
2023.25;8;1979
2023.25;9;1749
2023.25;10;2008
2023.25;11;626
2023.25;12;672
2023.25;13;770
2023.25;14;2524
2023.25;15;828
2023.25;16;27088
2023.25;17;3372
2023.25;18;2988
2023.25;19;2475
2023.25;20;1895
2023.25;21;1809
2023.25;22;635
2023.25;23;563
2023.25;24;1578
2023.25;25;1791
2023.25;26;1776
2023.25;27;1244
2023.25;28;1003
2023.25;29;2532
2023.25;30;2240
2023.25;31;2572
2023.25;32;7083
2023.25;33;6417
2023.25;34;4922
2023.25;35;3979
2023.25;36;5081
2023.25;37;2019
2023.25;38;2055
2023.25;39;2898
2023.25;40;5724
2023.25;41;1527
2023.25;63;843
2023.25;64;2981
2023.25;65;770
2023.25;66;474
2023.25;67;1158
2023.25;68;1518
2023.25;69;333
2023.25;70;683
2023.25;71;631
2023.25;72;557
2023.25;73;1022
2023.25;74;2756
2023.25;75;1270
2023.25;76;1996
2023.25;77;1600
2023.25;78;919
2023.25;79;477
2023.25;80;389
2023.25;81;619
2023.25;82;2931
2023.25;83;1650
2023.25;84;243
2023.25;85;1042
2023.25;86;20158
2023.25;87;24011
2023.25;88;23424
2023.25;89;25504
2023.25;90;36980
2023.25;91;14014
2023.25;92;6387
2023.25;93;27400
2023.25;94;30438
2023.25;95;28330
2023.25;96;3412
2023.25;97;1111
2023.25;98;9265
2023.25;99;4981
2023.25;100;11972
2023.25;101;751
2023.25;102;522
2023.25;103;592
2023.25;104;363
2023.25;105;631
2023.25;106;629
2023.25;107;475
2023.25;108;384
2023.25;109;2489
2023.25;110;677
2023.25;111;554
2023.25;112;2912
2023.25;113;2843
2023.25;114;296
2023.25;115;1854
2023.3333333333333;1;2397
2023.3333333333333;2;752
2023.3333333333333;3;2544
2023.3333333333333;4;4448
2023.3333333333333;5;834
2023.3333333333333;6;938
2023.3333333333333;7;2617
2023.3333333333333;8;1817
2023.3333333333333;9;1645
2023.3333333333333;10;1826
2023.3333333333333;11;585
2023.3333333333333;12;884
2023.3333333333333;13;1022
2023.3333333333333;14;2654
2023.3333333333333;15;948
2023.3333333333333;16;26192
2023.3333333333333;17;3454
2023.3333333333333;18;3064
2023.3333333333333;19;2509
2023.3333333333333;20;1781
2023.3333333333333;21;1745
2023.3333333333333;22;605
2023.3333333333333;23;461
2023.3333333333333;24;1672
2023.3333333333333;25;1855
2023.3333333333333;26;1808
2023.3333333333333;27;1298
2023.3333333333333;28;1175
2023.3333333333333;29;2366
2023.3333333333333;30;2128
2023.3333333333333;31;2342
2023.3333333333333;32;6505
2023.3333333333333;33;8203
2023.3333333333333;34;4592
2023.3333333333333;35;3499
2023.3333333333333;36;4491
2023.3333333333333;37;1901
2023.3333333333333;38;1981
2023.3333333333333;39;2728
2023.3333333333333;40;4952
2023.3333333333333;41;1463
2023.3333333333333;63;861
2023.3333333333333;64;2831
2023.3333333333333;65;794
2023.3333333333333;66;456
2023.3333333333333;67;1030
2023.3333333333333;68;1780
2023.3333333333333;69;365
2023.3333333333333;70;773
2023.3333333333333;71;689
2023.3333333333333;72;617
2023.3333333333333;73;1234
2023.3333333333333;74;2778
2023.3333333333333;75;1330
2023.3333333333333;76;1906
2023.3333333333333;77;1816
2023.3333333333333;78;951
2023.3333333333333;79;481
2023.3333333333333;80;443
2023.3333333333333;81;575
2023.3333333333333;82;3123
2023.3333333333333;83;1742
2023.3333333333333;84;323
2023.3333333333333;85;1056
2023.3333333333333;86;18692
2023.3333333333333;87;20333
2023.3333333333333;88;19894
2023.3333333333333;89;20976
2023.3333333333333;90;32106
2023.3333333333333;91;12418
2023.3333333333333;92;5355
2023.3333333333333;93;25034
2023.3333333333333;94;26464
2023.3333333333333;95;25460
2023.3333333333333;96;3042
2023.3333333333333;97;1219
2023.3333333333333;98;8209
2023.3333333333333;99;4265
2023.3333333333333;100;10776
2023.3333333333333;101;731
2023.3333333333333;102;544
2023.3333333333333;103;576
2023.3333333333333;104;345
2023.3333333333333;105;643
2023.3333333333333;106;689
2023.3333333333333;107;431
2023.3333333333333;108;358
2023.3333333333333;109;2341
2023.3333333333333;110;469
2023.3333333333333;111;498
2023.3333333333333;112;2544
2023.3333333333333;113;2545
2023.3333333333333;114;258
2023.3333333333333;115;1646
2023.4166666666667;1;2799
2023.4166666666667;2;254
2023.4166666666667;3;2890
2023.4166666666667;4;5888
2023.4166666666667;5;1162
2023.4166666666667;6;1188
2023.4166666666667;7;2469
2023.4166666666667;8;1679
2023.4166666666667;9;1465
2023.4166666666667;10;3538
2023.4166666666667;11;528
2023.4166666666667;12;1060
2023.4166666666667;13;858
2023.4166666666667;14;2312
2023.4166666666667;15;1012
2023.4166666666667;16;25340
2023.4166666666667;17;3304
2023.4166666666667;18;2950
2023.4166666666667;19;2669
2023.4166666666667;20;1541
2023.4166666666667;21;1527
2023.4166666666667;22;931
2023.4166666666667;23;409
2023.4166666666667;24;1834
2023.4166666666667;25;1935
2023.4166666666667;26;1720
2023.4166666666667;27;1300
2023.4166666666667;28;1181
2023.4166666666667;29;3012
2023.4166666666667;30;1850
2023.4166666666667;31;3118
2023.4166666666667;32;8535
2023.4166666666667;33;7435
2023.4166666666667;34;6208
2023.4166666666667;35;4703
2023.4166666666667;36;4151
2023.4166666666667;37;1855
2023.4166666666667;38;1689
2023.4166666666667;39;2312
2023.4166666666667;40;6688
2023.4166666666667;41;2545
2023.4166666666667;63;1037
2023.4166666666667;64;2845
2023.4166666666667;65;874
2023.4166666666667;66;444
2023.4166666666667;67;1000
2023.4166666666667;68;1478
2023.4166666666667;69;331
2023.4166666666667;70;705
2023.4166666666667;71;647
2023.4166666666667;72;623
2023.4166666666667;73;954
2023.4166666666667;74;2822
2023.4166666666667;75;1406
2023.4166666666667;76;1916
2023.4166666666667;77;1628
2023.4166666666667;78;1027
2023.4166666666667;79;487
2023.4166666666667;80;403
2023.4166666666667;81;543
2023.4166666666667;82;3103
2023.4166666666667;83;1780
2023.4166666666667;84;315
2023.4166666666667;85;978
2023.4166666666667;86;16064
2023.4166666666667;87;17175
2023.4166666666667;88;17366
2023.4166666666667;89;18318
2023.4166666666667;90;27102
2023.4166666666667;91;10254
2023.4166666666667;92;4355
2023.4166666666667;93;21804
2023.4166666666667;94;22108
2023.4166666666667;95;22220
2023.4166666666667;96;2734
2023.4166666666667;97;1081
2023.4166666666667;98;6611
2023.4166666666667;99;3623
2023.4166666666667;100;9386
2023.4166666666667;101;687
2023.4166666666667;102;516
2023.4166666666667;103;536
2023.4166666666667;104;321
2023.4166666666667;105;681
2023.4166666666667;106;639
2023.4166666666667;107;419
2023.4166666666667;108;330
2023.4166666666667;109;2213
2023.4166666666667;110;593
2023.4166666666667;111;524
2023.4166666666667;112;2352
2023.4166666666667;113;5083
2023.4166666666667;114;242
2023.4166666666667;115;3268
2023.5;1;2641
2023.5;2;1158
2023.5;3;2658
2023.5;4;5308
2023.5;5;950
2023.5;6;1090
2023.5;7;2271
2023.5;8;1395
2023.5;9;1305
2023.5;10;3182
2023.5;11;504
2023.5;12;1108
2023.5;13;1082
2023.5;14;2422
2023.5;15;1070
2023.5;16;24546
2023.5;17;3422
2023.5;18;3056
2023.5;19;2627
2023.5;20;1291
2023.5;21;1391
2023.5;22;859
2023.5;23;521
2023.5;24;1764
2023.5;25;1725
2023.5;26;1856
2023.5;27;1284
2023.5;28;1185
2023.5;29;2426
2023.5;30;1456
2023.5;31;2864
2023.5;32;7233
2023.5;33;6369
2023.5;34;5206
2023.5;35;4131
2023.5;36;5975
2023.5;37;2949
2023.5;38;1987
2023.5;39;2980
2023.5;40;5924
2023.5;41;2277
2023.5;63;881
2023.5;64;2643
2023.5;65;738
2023.5;66;342
2023.5;67;1110
2023.5;68;1398
2023.5;69;347
2023.5;70;621
2023.5;71;567
2023.5;72;703
2023.5;73;952
2023.5;74;2678
2023.5;75;1190
2023.5;76;1710
2023.5;77;1564
2023.5;78;981
2023.5;79;411
2023.5;80;423
2023.5;81;547
2023.5;82;3079
2023.5;83;1844
2023.5;84;159
2023.5;85;922
2023.5;86;20870
2023.5;87;21039
2023.5;88;24458
2023.5;89;28226
2023.5;90;29628
2023.5;91;15440
2023.5;92;6415
2023.5;93;25456
2023.5;94;39482
2023.5;95;25150
2023.5;96;2418
2023.5;97;1173
2023.5;98;11015
2023.5;99;5709
2023.5;100;15030
2023.5;101;679
2023.5;102;576
2023.5;103;510
2023.5;104;307
2023.5;105;735
2023.5;106;695
2023.5;107;411
2023.5;108;310
2023.5;109;2057
2023.5;110;507
2023.5;111;492
2023.5;112;2230
2023.5;113;4837
2023.5;114;226
2023.5;115;3064
2023.5833333333333;1;2803
2023.5833333333333;2;728
2023.5833333333333;3;3098
2023.5833333333333;4;5128
2023.5833333333333;5;788
2023.5833333333333;6;1038
2023.5833333333333;7;2215
2023.5833333333333;8;3079
2023.5833333333333;9;1115
2023.5833333333333;10;2982
2023.5833333333333;11;664
2023.5833333333333;12;1322
2023.5833333333333;13;1266
2023.5833333333333;14;2482
2023.5833333333333;15;1056
2023.5833333333333;16;23962
2023.5833333333333;17;3448
2023.5833333333333;18;3356
2023.5833333333333;19;2647
2023.5833333333333;20;2995
2023.5833333333333;21;2217
2023.5833333333333;22;829
2023.5833333333333;23;455
2023.5833333333333;24;1892
2023.5833333333333;25;1773
2023.5833333333333;26;1910
2023.5833333333333;27;1336
2023.5833333333333;28;1275
2023.5833333333333;29;2214
2023.5833333333333;30;2800
2023.5833333333333;31;2524
2023.5833333333333;32;6645
2023.5833333333333;33;7793
2023.5833333333333;34;4884
2023.5833333333333;35;3649
2023.5833333333333;36;5591
2023.5833333333333;37;2771
2023.5833333333333;38;1835
2023.5833333333333;39;2658
2023.5833333333333;40;5856
2023.5833333333333;41;2157
2023.5833333333333;63;1257
2023.5833333333333;64;2855
2023.5833333333333;65;934
2023.5833333333333;66;474
2023.5833333333333;67;1220
2023.5833333333333;68;1440
2023.5833333333333;69;365
2023.5833333333333;70;699
2023.5833333333333;71;537
2023.5833333333333;72;751
2023.5833333333333;73;1018
2023.5833333333333;74;3142
2023.5833333333333;75;1214
2023.5833333333333;76;1924
2023.5833333333333;77;1890
2023.5833333333333;78;1035
2023.5833333333333;79;563
2023.5833333333333;80;541
2023.5833333333333;81;573
2023.5833333333333;82;3479
2023.5833333333333;83;1952
2023.5833333333333;84;91
2023.5833333333333;85;958
2023.5833333333333;86;19396
2023.5833333333333;87;18585
2023.5833333333333;88;21682
2023.5833333333333;89;25366
2023.5833333333333;90;26930
2023.5833333333333;91;13946
2023.5833333333333;92;5987
2023.5833333333333;93;22256
2023.5833333333333;94;35542
2023.5833333333333;95;22738
2023.5833333333333;96;2032
2023.5833333333333;97;1073
2023.5833333333333;98;9835
2023.5833333333333;99;4937
2023.5833333333333;100;13740
2023.5833333333333;101;719
2023.5833333333333;102;648
2023.5833333333333;103;488
2023.5833333333333;104;295
2023.5833333333333;105;821
2023.5833333333333;106;751
2023.5833333333333;107;395
2023.5833333333333;108;290
2023.5833333333333;109;1907
2023.5833333333333;110;741
2023.5833333333333;111;580
2023.5833333333333;112;2096
2023.5833333333333;113;4721
2023.5833333333333;114;216
2023.5833333333333;115;2976
2023.6666666666667;1;2285
2023.6666666666667;2;500
2023.6666666666667;3;2706
2023.6666666666667;4;6662
2023.6666666666667;5;1324
2023.6666666666667;6;910
2023.6666666666667;7;3331
2023.6666666666667;8;2911
2023.6666666666667;9;911
2023.6666666666667;10;2648
2023.6666666666667;11;744
2023.6666666666667;12;1300
2023.6666666666667;13;1218
2023.6666666666667;14;2600
2023.6666666666667;15;1030
2023.6666666666667;16;22848
2023.6666666666667;17;3432
2023.6666666666667;18;3546
2023.6666666666667;19;2429
2023.6666666666667;20;2821
2023.6666666666667;21;1987
2023.6666666666667;22;783
2023.6666666666667;23;421
2023.6666666666667;24;1788
2023.6666666666667;25;1581
2023.6666666666667;26;1708
2023.6666666666667;27;1378
2023.6666666666667;28;1373
2023.6666666666667;29;3206
2023.6666666666667;30;2548
2023.6666666666667;31;3366
2023.6666666666667;32;8819
2023.6666666666667;33;6993
2023.6666666666667;34;6958
2023.6666666666667;35;5563
2023.6666666666667;36;4909
2023.6666666666667;37;2447
2023.6666666666667;38;1589
2023.6666666666667;39;2402
2023.6666666666667;40;4904
2023.6666666666667;41;1893
2023.6666666666667;63;1173
2023.6666666666667;64;2627
2023.6666666666667;65;686
2023.6666666666667;66;664
2023.6666666666667;67;1228
2023.6666666666667;68;1694
2023.6666666666667;69;453
2023.6666666666667;70;719
2023.6666666666667;71;669
2023.6666666666667;72;695
2023.6666666666667;73;1118
2023.6666666666667;74;3322
2023.6666666666667;75;1562
2023.6666666666667;76;2372
2023.6666666666667;77;2040
2023.6666666666667;78;851
2023.6666666666667;79;677
2023.6666666666667;80;585
2023.6666666666667;81;745
2023.6666666666667;82;3451
2023.6666666666667;83;2044
2023.6666666666667;84;115
2023.6666666666667;85;1038
2023.6666666666667;86;17864
2023.6666666666667;87;16763
2023.6666666666667;88;20340
2023.6666666666667;89;23218
2023.6666666666667;90;23604
2023.6666666666667;91;13326
2023.6666666666667;92;5181
2023.6666666666667;93;21076
2023.6666666666667;94;32306
2023.6666666666667;95;20988
2023.6666666666667;96;1802
2023.6666666666667;97;1267
2023.6666666666667;98;9517
2023.6666666666667;99;4421
2023.6666666666667;100;12818
2023.6666666666667;101;761
2023.6666666666667;102;642
2023.6666666666667;103;452
2023.6666666666667;104;267
2023.6666666666667;105;759
2023.6666666666667;106;749
2023.6666666666667;107;359
2023.6666666666667;108;234
2023.6666666666667;109;1621
2023.6666666666667;110;609
2023.6666666666667;111;540
2023.6666666666667;112;1744
2023.6666666666667;113;4357
2023.6666666666667;114;178
2023.6666666666667;115;2408
2023.75;1;1689
2023.75;2;628
2023.75;3;2672
2023.75;4;5498
2023.75;5;946
2023.75;6;756
2023.75;7;3061
2023.75;8;2415
2023.75;9;1871
2023.75;10;1992
2023.75;11;538
2023.75;12;828
2023.75;13;792
2023.75;14;2064
2023.75;15;890
2023.75;16;21492
2023.75;17;2832
2023.75;18;3148
2023.75;19;2077
2023.75;20;2431
2023.75;21;1621
2023.75;22;635
2023.75;23;483
2023.75;24;1662
2023.75;25;1605
2023.75;26;1452
2023.75;27;1186
2023.75;28;1181
2023.75;29;2450
2023.75;30;2020
2023.75;31;2714
2023.75;32;6879
2023.75;33;5285
2023.75;34;5410
2023.75;35;4421
2023.75;36;5563
2023.75;37;2969
2023.75;38;2057
2023.75;39;2958
2023.75;40;7264
2023.75;41;1505
2023.75;63;847
2023.75;64;2881
2023.75;65;-166
2023.75;66;468
2023.75;67;920
2023.75;68;1676
2023.75;69;343
2023.75;70;639
2023.75;71;525
2023.75;72;643
2023.75;73;686
2023.75;74;2598
2023.75;75;996
2023.75;76;1966
2023.75;77;1662
2023.75;78;405
2023.75;79;475
2023.75;80;523
2023.75;81;591
2023.75;82;2903
2023.75;83;1572
2023.75;84;463
2023.75;85;1004
2023.75;86;15020
2023.75;87;16763
2023.75;88;20220
2023.75;89;23108
2023.75;90;22948
2023.75;91;13016
2023.75;92;5155
2023.75;93;20990
2023.75;94;32284
2023.75;95;20684
2023.75;96;2042
2023.75;97;1227
2023.75;98;9307
2023.75;99;4221
2023.75;100;10482
2023.75;101;737
2023.75;102;646
2023.75;103;376
2023.75;104;229
2023.75;105;715
2023.75;106;709
2023.75;107;331
2023.75;108;200
2023.75;109;1323
2023.75;110;691
2023.75;111;544
2023.75;112;1318
2023.75;113;4111
2023.75;114;130
2023.75;115;1826
2023.8333333333333;1;1829
2023.8333333333333;2;2262
2023.8333333333333;3;2092
2023.8333333333333;4;4960
2023.8333333333333;5;888
2023.8333333333333;6;1146
2023.8333333333333;7;2901
2023.8333333333333;8;2119
2023.8333333333333;9;1693
2023.8333333333333;10;1706
2023.8333333333333;11;512
2023.8333333333333;12;922
2023.8333333333333;13;748
2023.8333333333333;14;2300
2023.8333333333333;15;840
2023.8333333333333;16;21166
2023.8333333333333;17;2768
2023.8333333333333;18;3108
2023.8333333333333;19;2249
2023.8333333333333;20;2197
2023.8333333333333;21;1513
2023.8333333333333;22;571
2023.8333333333333;23;457
2023.8333333333333;24;1758
2023.8333333333333;25;1717
2023.8333333333333;26;1488
2023.8333333333333;27;1216
2023.8333333333333;28;993
2023.8333333333333;29;2344
2023.8333333333333;30;1680
2023.8333333333333;31;2382
2023.8333333333333;32;6151
2023.8333333333333;33;6745
2023.8333333333333;34;5094
2023.8333333333333;35;3741
2023.8333333333333;36;4685
2023.8333333333333;37;2287
2023.8333333333333;38;1775
2023.8333333333333;39;2468
2023.8333333333333;40;6348
2023.8333333333333;41;1283
2023.8333333333333;63;1065
2023.8333333333333;64;3259
2023.8333333333333;65;202
2023.8333333333333;66;428
2023.8333333333333;67;970
2023.8333333333333;68;1744
2023.8333333333333;69;493
2023.8333333333333;70;725
2023.8333333333333;71;587
2023.8333333333333;72;615
2023.8333333333333;73;780
2023.8333333333333;74;3084
2023.8333333333333;75;1260
2023.8333333333333;76;2096
2023.8333333333333;77;1654
2023.8333333333333;78;469
2023.8333333333333;79;533
2023.8333333333333;80;549
2023.8333333333333;81;615
2023.8333333333333;82;2905
2023.8333333333333;83;1612
2023.8333333333333;84;915
2023.8333333333333;85;906
2023.8333333333333;86;14268
2023.8333333333333;87;16389
2023.8333333333333;88;19004
2023.8333333333333;89;22748
2023.8333333333333;90;22446
2023.8333333333333;91;12378
2023.8333333333333;92;5133
2023.8333333333333;93;20360
2023.8333333333333;94;31452
2023.8333333333333;95;19430
2023.8333333333333;96;1872
2023.8333333333333;97;1155
2023.8333333333333;98;9267
2023.8333333333333;99;4107
2023.8333333333333;100;8992
2023.8333333333333;101;775
2023.8333333333333;102;658
2023.8333333333333;103;328
2023.8333333333333;104;197
2023.8333333333333;105;723
2023.8333333333333;106;735
2023.8333333333333;107;309
2023.8333333333333;108;182
2023.8333333333333;109;1211
2023.8333333333333;110;455
2023.8333333333333;111;498
2023.8333333333333;112;5480
2023.8333333333333;113;3813
2023.8333333333333;114;84
2023.8333333333333;115;1608
2023.9166666666667;1;2157
2023.9166666666667;2;1552
2023.9166666666667;3;3396
2023.9166666666667;4;6734
2023.9166666666667;5;1922
2023.9166666666667;6;1122
2023.9166666666667;7;2629
2023.9166666666667;8;2039
2023.9166666666667;9;1453
2023.9166666666667;10;1438
2023.9166666666667;11;616
2023.9166666666667;12;1010
2023.9166666666667;13;874
2023.9166666666667;14;2436
2023.9166666666667;15;1006
2023.9166666666667;16;20716
2023.9166666666667;17;3002
2023.9166666666667;18;3218
2023.9166666666667;19;2351
2023.9166666666667;20;1955
2023.9166666666667;21;1387
2023.9166666666667;22;535
2023.9166666666667;23;435
2023.9166666666667;24;2084
2023.9166666666667;25;1713
2023.9166666666667;26;1474
2023.9166666666667;27;1212
2023.9166666666667;28;1427
2023.9166666666667;29;3608
2023.9166666666667;30;2970
2023.9166666666667;31;3114
2023.9166666666667;32;7813
2023.9166666666667;33;5835
2023.9166666666667;34;6772
2023.9166666666667;35;5469
2023.9166666666667;36;4211
2023.9166666666667;37;2243
2023.9166666666667;38;1611
2023.9166666666667;39;2356
2023.9166666666667;40;5010
2023.9166666666667;41;1243
2023.9166666666667;63;1219
2023.9166666666667;64;3461
2023.9166666666667;65;758
2023.9166666666667;66;416
2023.9166666666667;67;1068
2023.9166666666667;68;1734
2023.9166666666667;69;545
2023.9166666666667;70;715
2023.9166666666667;71;693
2023.9166666666667;72;651
2023.9166666666667;73;824
2023.9166666666667;74;2986
2023.9166666666667;75;1512
2023.9166666666667;76;1896
2023.9166666666667;77;1884
2023.9166666666667;78;617
2023.9166666666667;79;511
2023.9166666666667;80;587
2023.9166666666667;81;571
2023.9166666666667;82;2715
2023.9166666666667;83;1558
2023.9166666666667;84;697
2023.9166666666667;85;1068
2023.9166666666667;86;13424
2023.9166666666667;87;15813
2023.9166666666667;88;18692
2023.9166666666667;89;21840
2023.9166666666667;90;22114
2023.9166666666667;91;12250
2023.9166666666667;92;4927
2023.9166666666667;93;19226
2023.9166666666667;94;30936
2023.9166666666667;95;18328
2023.9166666666667;96;1808
2023.9166666666667;97;1115
2023.9166666666667;98;8915
2023.9166666666667;99;4031
2023.9166666666667;100;8356
2023.9166666666667;101;909
2023.9166666666667;102;688
2023.9166666666667;103;300
2023.9166666666667;104;175
2023.9166666666667;105;737
2023.9166666666667;106;819
2023.9166666666667;107;287
2023.9166666666667;108;168
2023.9166666666667;109;1051
2023.9166666666667;110;829
2023.9166666666667;111;652
2023.9166666666667;112;5320
2023.9166666666667;113;3571
2023.9166666666667;114;46
2023.9166666666667;115;1328
2024.0;1;2677
2024.0;2;4760
2024.0;3;2760
2024.0;4;6074
2024.0;5;1658
2024.0;6;1060
2024.0;7;2367
2024.0;8;1725
2024.0;9;1407
2024.0;10;3952
2024.0;11;676
2024.0;12;1138
2024.0;13;1030
2024.0;14;2682
2024.0;15;922
2024.0;16;20096
2024.0;17;2796
2024.0;18;3362
2024.0;19;2147
2024.0;20;1693
2024.0;21;1119
2024.0;22;1187
2024.0;23;757
2024.0;24;2434
2024.0;25;1811
2024.0;26;1584
2024.0;27;1290
2024.0;28;1889
2024.0;29;3178
2024.0;30;2562
2024.0;31;2832
2024.0;32;7099
2024.0;33;5209
2024.0;34;5802
2024.0;35;5025
2024.0;36;7039
2024.0;37;3713
2024.0;38;2619
2024.0;39;4370
2024.0;40;4852
2024.0;41;3525
2024.0;42;3595
2024.0;43;6465
2024.0;44;6432
2024.0;45;1858
2024.0;46;1766
2024.0;47;5397
2024.0;48;1946
2024.0;49;1144
2024.0;50;18315
2024.0;51;9048
2024.0;52;5848
2024.0;53;7340
2024.0;54;7103
2024.0;55;4240
2024.0;56;8140
2024.0;57;1694
2024.0;58;1839
2024.0;59;673
2024.0;60;8129
2024.0;61;7695
2024.0;62;2932
2024.0;63;1479
2024.0;64;3491
2024.0;65;962
2024.0;66;480
2024.0;67;1042
2024.0;68;1688
2024.0;69;459
2024.0;70;797
2024.0;71;843
2024.0;72;725
2024.0;73;922
2024.0;74;3088
2024.0;75;2094
2024.0;76;2104
2024.0;77;1790
2024.0;78;787
2024.0;79;573
2024.0;80;567
2024.0;81;581
2024.0;82;2621
2024.0;83;1724
2024.0;84;477
2024.0;85;1122
2024.0;86;19926
2024.0;87;25943
2024.0;88;25116
2024.0;89;25348
2024.0;90;35326
2024.0;91;17620
2024.0;92;7625
2024.0;93;22336
2024.0;94;33356
2024.0;95;24656
2024.0;96;2104
2024.0;97;1085
2024.0;98;11089
2024.0;99;6463
2024.0;100;13528
2024.0;101;1045
2024.0;102;732
2024.0;103;254
2024.0;104;145
2024.0;105;855
2024.0;106;811
2024.0;107;261
2024.0;108;150
2024.0;109;861
2024.0;110;813
2024.0;111;624
2024.0;112;5108
2024.0;113;6357
2024.0;114;626
2024.0;115;1126
2024.0833333333333;1;2921
2024.0833333333333;2;4064
2024.0833333333333;3;4306
2024.0833333333333;4;5866
2024.0833333333333;5;1214
2024.0833333333333;6;904
2024.0833333333333;7;2279
2024.0833333333333;8;3873
2024.0833333333333;9;1255
2024.0833333333333;10;3758
2024.0833333333333;11;676
2024.0833333333333;12;1014
2024.0833333333333;13;1196
2024.0833333333333;14;3150
2024.0833333333333;15;902
2024.0833333333333;16;19380
2024.0833333333333;17;3132
2024.0833333333333;18;3834
2024.0833333333333;19;2405
2024.0833333333333;20;3511
2024.0833333333333;21;3355
2024.0833333333333;22;1085
2024.0833333333333;23;631
2024.0833333333333;24;2692
2024.0833333333333;25;1617
2024.0833333333333;26;1656
2024.0833333333333;27;1364
2024.0833333333333;28;1935
2024.0833333333333;29;2812
2024.0833333333333;30;2314
2024.0833333333333;31;2484
2024.0833333333333;32;6473
2024.0833333333333;33;9875
2024.0833333333333;34;5118
2024.0833333333333;35;4765
2024.0833333333333;36;6411
2024.0833333333333;37;3311
2024.0833333333333;38;2277
2024.0833333333333;39;4028
2024.0833333333333;40;9552
2024.0833333333333;41;3295
2024.0833333333333;42;3721
2024.0833333333333;43;6673
2024.0833333333333;44;6636
2024.0833333333333;45;1930
2024.0833333333333;46;1888
2024.0833333333333;47;5729
2024.0833333333333;48;2032
2024.0833333333333;49;1134
2024.0833333333333;50;18133
2024.0833333333333;51;9486
2024.0833333333333;52;6112
2024.0833333333333;53;7228
2024.0833333333333;54;7431
2024.0833333333333;55;4644
2024.0833333333333;56;8000
2024.0833333333333;57;1849
2024.0833333333333;58;1791
2024.0833333333333;59;749
2024.0833333333333;60;8019
2024.0833333333333;61;7925
2024.0833333333333;62;2986
2024.0833333333333;63;1951
2024.0833333333333;64;4135
2024.0833333333333;65;1542
2024.0833333333333;66;638
2024.0833333333333;67;1034
2024.0833333333333;68;1904
2024.0833333333333;69;639
2024.0833333333333;70;945
2024.0833333333333;71;1041
2024.0833333333333;72;911
2024.0833333333333;73;1324
2024.0833333333333;74;3140
2024.0833333333333;75;2480
2024.0833333333333;76;2492
2024.0833333333333;77;2312
2024.0833333333333;78;937
2024.0833333333333;79;743
2024.0833333333333;80;727
2024.0833333333333;81;753
2024.0833333333333;82;2807
2024.0833333333333;83;2026
2024.0833333333333;84;401
2024.0833333333333;85;1288
2024.0833333333333;86;19488
2024.0833333333333;87;25395
2024.0833333333333;88;24360
2024.0833333333333;89;24796
2024.0833333333333;90;34620
2024.0833333333333;91;17256
2024.0833333333333;92;7417
2024.0833333333333;93;21870
2024.0833333333333;94;32800
2024.0833333333333;95;24250
2024.0833333333333;96;2104
2024.0833333333333;97;1049
2024.0833333333333;98;10829
2024.0833333333333;99;6419
2024.0833333333333;100;13232
2024.0833333333333;101;1161
2024.0833333333333;102;798
2024.0833333333333;103;250
2024.0833333333333;104;135
2024.0833333333333;105;1005
2024.0833333333333;106;853
2024.0833333333333;107;261
2024.0833333333333;108;138
2024.0833333333333;109;4391
2024.0833333333333;110;1313
2024.0833333333333;111;806
2024.0833333333333;112;4914
2024.0833333333333;113;6227
2024.0833333333333;114;606
2024.0833333333333;115;784
2024.1666666666667;1;3111
2024.1666666666667;2;3436
2024.1666666666667;3;3852
2024.1666666666667;4;7304
2024.1666666666667;5;2212
2024.1666666666667;6;780
2024.1666666666667;7;3803
2024.1666666666667;8;3445
2024.1666666666667;9;939
2024.1666666666667;10;3474
2024.1666666666667;11;558
2024.1666666666667;12;1054
2024.1666666666667;13;1146
2024.1666666666667;14;3054
2024.1666666666667;15;890
2024.1666666666667;16;18678
2024.1666666666667;17;3658
2024.1666666666667;18;3368
2024.1666666666667;19;2287
2024.1666666666667;20;3293
2024.1666666666667;21;3109
2024.1666666666667;22;1043
2024.1666666666667;23;571
2024.1666666666667;24;2574
2024.1666666666667;25;1635
2024.1666666666667;26;1792
2024.1666666666667;27;1580
2024.1666666666667;28;1877
2024.1666666666667;29;4386
2024.1666666666667;30;1822
2024.1666666666667;31;4612
2024.1666666666667;32;11811
2024.1666666666667;33;7789
2024.1666666666667;34;9238
2024.1666666666667;35;7731
2024.1666666666667;36;5215
2024.1666666666667;37;3107
2024.1666666666667;38;1661
2024.1666666666667;39;3546
2024.1666666666667;40;8602
2024.1666666666667;41;2997
2024.1666666666667;42;3591
2024.1666666666667;43;6397
2024.1666666666667;44;6378
2024.1666666666667;45;1856
2024.1666666666667;46;1886
2024.1666666666667;47;5905
2024.1666666666667;48;1946
2024.1666666666667;49;1064
2024.1666666666667;50;25053
2024.1666666666667;51;9866
2024.1666666666667;52;6162
2024.1666666666667;53;7402
2024.1666666666667;54;7167
2024.1666666666667;55;4692
2024.1666666666667;56;7570
2024.1666666666667;57;1774
2024.1666666666667;58;1831
2024.1666666666667;59;857
2024.1666666666667;60;9579
2024.1666666666667;61;7491
2024.1666666666667;62;2760
2024.1666666666667;63;2145
2024.1666666666667;64;4295
2024.1666666666667;65;1966
2024.1666666666667;66;724
2024.1666666666667;67;1202
2024.1666666666667;68;1658
2024.1666666666667;69;683
2024.1666666666667;70;927
2024.1666666666667;71;1179
2024.1666666666667;72;1005
2024.1666666666667;73;1464
2024.1666666666667;74;3356
2024.1666666666667;75;2762
2024.1666666666667;76;2438
2024.1666666666667;77;2806
2024.1666666666667;78;1053
2024.1666666666667;79;715
2024.1666666666667;80;899
2024.1666666666667;81;709
2024.1666666666667;82;2655
2024.1666666666667;83;2132
2024.1666666666667;84;179
2024.1666666666667;85;1312
2024.1666666666667;86;18468
2024.1666666666667;87;22709
2024.1666666666667;88;22266
2024.1666666666667;89;23022
2024.1666666666667;90;32272
2024.1666666666667;91;15620
2024.1666666666667;92;6943
2024.1666666666667;93;20330
2024.1666666666667;94;29426
2024.1666666666667;95;22122
2024.1666666666667;96;1856
2024.1666666666667;97;1567
2024.1666666666667;98;10111
2024.1666666666667;99;5655
2024.1666666666667;100;12390
2024.1666666666667;101;1153
2024.1666666666667;102;768
2024.1666666666667;103;554
2024.1666666666667;104;937
2024.1666666666667;105;1011
2024.1666666666667;106;847
2024.1666666666667;107;967
2024.1666666666667;108;1014
2024.1666666666667;109;4925
2024.1666666666667;110;867
2024.1666666666667;111;616
2024.1666666666667;112;4142
2024.1666666666667;113;5669
2024.1666666666667;114;540
2024.1666666666667;115;3960
2024.25;1;2939
2024.25;2;5920
2024.25;3;4866
2024.25;4;6602
2024.25;5;1852
2024.25;6;1212
2024.25;7;3333
2024.25;8;3047
2024.25;9;2499
2024.25;10;2610
2024.25;11;480
2024.25;12;714
2024.25;13;1064
2024.25;14;2648
2024.25;15;730
2024.25;16;37662
2024.25;17;3698
2024.25;18;2628
2024.25;19;2147
2024.25;20;2813
2024.25;21;2689
2024.25;22;855
2024.25;23;841
2024.25;24;2426
2024.25;25;1761
2024.25;26;1838
2024.25;27;1578
2024.25;28;1769
2024.25;29;3220
2024.25;30;3314
2024.25;31;3852
2024.25;32;10159
2024.25;33;6205
2024.25;34;7062
2024.25;35;6791
2024.25;36;8241
2024.25;37;4031
2024.25;38;2449
2024.25;39;4642
2024.25;40;7466
2024.25;41;2657
2024.25;42;3271
2024.25;43;6147
2024.25;44;5822
2024.25;45;1676
2024.25;46;1802
2024.25;47;5605
2025.9166666666667;23;1985
2025.9166666666667;24;7992
2025.9166666666667;25;5039
2025.9166666666667;26;4544
2025.9166666666667;27;3904
2025.9166666666667;28;4969
2025.9166666666667;29;9260
2025.9166666666667;30;7152
2025.9166666666667;31;12272
2025.9166666666667;32;23061
2025.9166666666667;33;23231
2025.9166666666667;34;28148
2025.9166666666667;35;16939
2025.9166666666667;36;13557
2025.9166666666667;37;5513
2025.9166666666667;38;4387
2025.9166666666667;39;9074
2025.9166666666667;40;12144
2025.9166666666667;41;5193
2025.9166666666667;42;4857
2025.9166666666667;43;7411
2025.9166666666667;44;8922
2025.9166666666667;45;2912
2025.9166666666667;46;3338
2025.9166666666667;47;8519
2025.9166666666667;48;3418
2025.9166666666667;49;1622
2025.9166666666667;50;45455
2025.9166666666667;51;12584
2025.9166666666667;52;7354
2025.9166666666667;53;8464
2025.9166666666667;54;13049
2025.9166666666667;55;8514
2025.9166666666667;56;14006
2025.9166666666667;57;4593
2025.9166666666667;58;4861
2025.9166666666667;59;2953
2025.9166666666667;60;14109
2025.9166666666667;61;10025
2025.9166666666667;62;8552
2025.9166666666667;63;5241
2025.9166666666667;64;12605
2025.9166666666667;65;3926
2025.9166666666667;66;1694
2025.9166666666667;67;1790
2025.9166666666667;68;5724
2025.9166666666667;69;1451
2025.9166666666667;70;2645
2025.9166666666667;71;3043
2025.9166666666667;72;4197
2025.9166666666667;73;7894
2025.9166666666667;74;19542
2025.9166666666667;75;4962
2025.9166666666667;76;10724
2025.9166666666667;77;4422
2025.9166666666667;78;645
2025.9166666666667;79;1579
2025.9166666666667;80;1979
2025.9166666666667;81;1741
2025.9166666666667;82;4247
2025.9166666666667;83;3402
2025.9166666666667;84;1799
2025.9166666666667;85;1818
2025.9166666666667;86;4194
2025.9166666666667;87;14449
2025.9166666666667;88;7478
2025.9166666666667;89;8560
2025.9166666666667;90;16804
2025.9166666666667;91;8450
2025.9166666666667;92;4193
2025.9166666666667;93;12674
2025.9166666666667;94;10030
2025.9166666666667;95;7886
2025.9166666666667;96;1966
2025.9166666666667;97;1139
2025.9166666666667;98;5659
2025.9166666666667;99;3295
2025.9166666666667;100;2354
2025.9166666666667;101;2037
2025.9166666666667;102;1510
2025.9166666666667;103;670
2025.9166666666667;104;853
2025.9166666666667;105;1581
2025.9166666666667;106;1553
2025.9166666666667;107;673
2025.9166666666667;108;862
2025.9166666666667;109;2065
2025.9166666666667;110;2425
2025.9166666666667;111;1128
2025.9166666666667;112;7810
2025.9166666666667;113;3485
2025.9166666666667;114;350
2025.9166666666667;115;3310
